"","prop_sampled","sim_num","method","(Intercept)","age_sq"
"1",0.5,1,"none",0,0
"2",0.5,1,"rake",0,0
"3",0.5,1,"strat",0,0
"4",0.5,1,"calib",0,0
"5",0.5,1,"lasso",0,0
"6",0.5,1,"logit",0,0
"7",0.5,1,"bart",0,0
"8",0.5,2,"none",0,0
"9",0.5,2,"rake",0,0
"10",0.5,2,"strat",0,0
"11",0.5,2,"calib",0,0
"12",0.5,2,"lasso",0,0
"13",0.5,2,"logit",0,0
"14",0.5,2,"bart",0,0
"15",0.5,3,"none",0,0
"16",0.5,3,"rake",0,0
"17",0.5,3,"strat",0,0
"18",0.5,3,"calib",0,0
"19",0.5,3,"lasso",0,0
"20",0.5,3,"logit",0,0
"21",0.5,3,"bart",0,0
"22",0.5,4,"none",0,0
"23",0.5,4,"rake",0,0
"24",0.5,4,"strat",0,0
"25",0.5,4,"calib",0,0
"26",0.5,4,"lasso",0,0
"27",0.5,4,"logit",0,0
"28",0.5,4,"bart",0,0
"29",0.5,5,"none",0,0
"30",0.5,5,"rake",0,0
"31",0.5,5,"strat",0,0
"32",0.5,5,"calib",0,0
"33",0.5,5,"lasso",0,0
"34",0.5,5,"logit",0,0
"35",0.5,5,"bart",0,0
"36",0.5,6,"none",0,0
"37",0.5,6,"rake",0,0
"38",0.5,6,"strat",0,0
"39",0.5,6,"calib",0,0
"40",0.5,6,"lasso",0,0
"41",0.5,6,"logit",0,0
"42",0.5,6,"bart",0,0
"43",0.5,7,"none",0,0
"44",0.5,7,"rake",0,0
"45",0.5,7,"strat",0,0
"46",0.5,7,"calib",0,0
"47",0.5,7,"lasso",0,0
"48",0.5,7,"logit",0,0
"49",0.5,7,"bart",0,0
"50",0.5,8,"none",0,0
"51",0.5,8,"rake",0,0
"52",0.5,8,"strat",0,0
"53",0.5,8,"calib",0,0
"54",0.5,8,"lasso",0,0
"55",0.5,8,"logit",0,0
"56",0.5,8,"bart",0,0
"57",0.5,9,"none",0,0
"58",0.5,9,"rake",0,0
"59",0.5,9,"strat",0,0
"60",0.5,9,"calib",0,0
"61",0.5,9,"lasso",0,0
"62",0.5,9,"logit",0,0
"63",0.5,9,"bart",0,0
"64",0.5,10,"none",0,0
"65",0.5,10,"rake",0,0
"66",0.5,10,"strat",0,0
"67",0.5,10,"calib",0,0
"68",0.5,10,"lasso",0,0
"69",0.5,10,"logit",0,0
"70",0.5,10,"bart",0,0
"71",0.5,11,"none",0,0
"72",0.5,11,"rake",0,0
"73",0.5,11,"strat",0,0
"74",0.5,11,"calib",0,0
"75",0.5,11,"lasso",0,0
"76",0.5,11,"logit",0,0
"77",0.5,11,"bart",0,0
"78",0.5,12,"none",0,0
"79",0.5,12,"rake",0,0
"80",0.5,12,"strat",0,0
"81",0.5,12,"calib",0,0
"82",0.5,12,"lasso",0,0
"83",0.5,12,"logit",0,0
"84",0.5,12,"bart",0,0
"85",0.5,13,"none",0,0
"86",0.5,13,"rake",0,0
"87",0.5,13,"strat",0,0
"88",0.5,13,"calib",0,0
"89",0.5,13,"lasso",0,0
"90",0.5,13,"logit",0,0
"91",0.5,13,"bart",0,0
"92",0.5,14,"none",0,0
"93",0.5,14,"rake",0,0
"94",0.5,14,"strat",0,0
"95",0.5,14,"calib",0,0
"96",0.5,14,"lasso",0,0
"97",0.5,14,"logit",0,0
"98",0.5,14,"bart",0,0
"99",0.5,15,"none",0,0
"100",0.5,15,"rake",0,0
"101",0.5,15,"strat",0,0
"102",0.5,15,"calib",0,0
"103",0.5,15,"lasso",0,0
"104",0.5,15,"logit",0,0
"105",0.5,15,"bart",0,0
"106",0.5,16,"none",0,0
"107",0.5,16,"rake",0,0
"108",0.5,16,"strat",0,0
"109",0.5,16,"calib",0,0
"110",0.5,16,"lasso",0,0
"111",0.5,16,"logit",0,0
"112",0.5,16,"bart",0,0
"113",0.5,17,"none",0,0
"114",0.5,17,"rake",0,0
"115",0.5,17,"strat",0,0
"116",0.5,17,"calib",0,0
"117",0.5,17,"lasso",0,0
"118",0.5,17,"logit",0,0
"119",0.5,17,"bart",0,0
"120",0.5,18,"none",0,0
"121",0.5,18,"rake",0,0
"122",0.5,18,"strat",0,0
"123",0.5,18,"calib",0,0
"124",0.5,18,"lasso",0,0
"125",0.5,18,"logit",0,0
"126",0.5,18,"bart",0,0
"127",0.5,19,"none",0,0
"128",0.5,19,"rake",0,0
"129",0.5,19,"strat",0,0
"130",0.5,19,"calib",0,0
"131",0.5,19,"lasso",0,0
"132",0.5,19,"logit",0,0
"133",0.5,19,"bart",0,0
"134",0.5,20,"none",0,0
"135",0.5,20,"rake",0,0
"136",0.5,20,"strat",0,0
"137",0.5,20,"calib",0,0
"138",0.5,20,"lasso",0,0
"139",0.5,20,"logit",0,0
"140",0.5,20,"bart",0,0
"141",0.5,21,"none",0,0
"142",0.5,21,"rake",0,0
"143",0.5,21,"strat",0,0
"144",0.5,21,"calib",0,0
"145",0.5,21,"lasso",0,0
"146",0.5,21,"logit",0,0
"147",0.5,21,"bart",0,0
"148",0.5,22,"none",0,0
"149",0.5,22,"rake",0,0
"150",0.5,22,"strat",0,0
"151",0.5,22,"calib",0,0
"152",0.5,22,"lasso",0,0
"153",0.5,22,"logit",0,0
"154",0.5,22,"bart",0,0
"155",0.5,23,"none",0,0
"156",0.5,23,"rake",0,0
"157",0.5,23,"strat",0,0
"158",0.5,23,"calib",0,0
"159",0.5,23,"lasso",0,0
"160",0.5,23,"logit",0,0
"161",0.5,23,"bart",0,0
"162",0.5,24,"none",0,0
"163",0.5,24,"rake",0,0
"164",0.5,24,"strat",0,0
"165",0.5,24,"calib",0,0
"166",0.5,24,"lasso",0,0
"167",0.5,24,"logit",0,0
"168",0.5,24,"bart",0,0
"169",0.5,25,"none",0,0
"170",0.5,25,"rake",0,0
"171",0.5,25,"strat",0,0
"172",0.5,25,"calib",0,0
"173",0.5,25,"lasso",0,0
"174",0.5,25,"logit",0,0
"175",0.5,25,"bart",0,0
"176",0.5,26,"none",0,0
"177",0.5,26,"rake",0,0
"178",0.5,26,"strat",0,0
"179",0.5,26,"calib",0,0
"180",0.5,26,"lasso",0,0
"181",0.5,26,"logit",0,0
"182",0.5,26,"bart",0,0
"183",0.5,27,"none",0,0
"184",0.5,27,"rake",0,0
"185",0.5,27,"strat",0,0
"186",0.5,27,"calib",0,0
"187",0.5,27,"lasso",0,0
"188",0.5,27,"logit",0,0
"189",0.5,27,"bart",0,0
"190",0.5,28,"none",0,0
"191",0.5,28,"rake",0,0
"192",0.5,28,"strat",0,0
"193",0.5,28,"calib",0,0
"194",0.5,28,"lasso",0,0
"195",0.5,28,"logit",0,0
"196",0.5,28,"bart",0,0
"197",0.5,29,"none",0,0
"198",0.5,29,"rake",0,0
"199",0.5,29,"strat",0,0
"200",0.5,29,"calib",0,0
"201",0.5,29,"lasso",0,0
"202",0.5,29,"logit",0,0
"203",0.5,29,"bart",0,0
"204",0.5,30,"none",0,0
"205",0.5,30,"rake",0,0
"206",0.5,30,"strat",0,0
"207",0.5,30,"calib",0,0
"208",0.5,30,"lasso",0,0
"209",0.5,30,"logit",0,0
"210",0.5,30,"bart",0,0
"211",0.5,31,"none",0,0
"212",0.5,31,"rake",0,0
"213",0.5,31,"strat",0,0
"214",0.5,31,"calib",0,0
"215",0.5,31,"lasso",0,0
"216",0.5,31,"logit",0,0
"217",0.5,31,"bart",0,0
"218",0.5,32,"none",0,0
"219",0.5,32,"rake",0,0
"220",0.5,32,"strat",0,0
"221",0.5,32,"calib",0,0
"222",0.5,32,"lasso",0,0
"223",0.5,32,"logit",0,0
"224",0.5,32,"bart",0,0
"225",0.5,33,"none",0,0
"226",0.5,33,"rake",0,0
"227",0.5,33,"strat",0,0
"228",0.5,33,"calib",0,0
"229",0.5,33,"lasso",0,0
"230",0.5,33,"logit",0,0
"231",0.5,33,"bart",0,0
"232",0.5,34,"none",0,0
"233",0.5,34,"rake",0,0
"234",0.5,34,"strat",0,0
"235",0.5,34,"calib",0,0
"236",0.5,34,"lasso",0,0
"237",0.5,34,"logit",0,0
"238",0.5,34,"bart",0,0
"239",0.5,35,"none",0,0
"240",0.5,35,"rake",0,0
"241",0.5,35,"strat",0,0
"242",0.5,35,"calib",0,0
"243",0.5,35,"lasso",0,0
"244",0.5,35,"logit",0,0
"245",0.5,35,"bart",0,0
"246",0.5,36,"none",0,0
"247",0.5,36,"rake",0,0
"248",0.5,36,"strat",0,0
"249",0.5,36,"calib",0,0
"250",0.5,36,"lasso",0,0
"251",0.5,36,"logit",0,0
"252",0.5,36,"bart",0,0
"253",0.5,37,"none",0,0
"254",0.5,37,"rake",0,0
"255",0.5,37,"strat",0,0
"256",0.5,37,"calib",0,0
"257",0.5,37,"lasso",0,0
"258",0.5,37,"logit",0,0
"259",0.5,37,"bart",0,0
"260",0.5,38,"none",0,0
"261",0.5,38,"rake",0,0
"262",0.5,38,"strat",0,0
"263",0.5,38,"calib",0,0
"264",0.5,38,"lasso",0,0
"265",0.5,38,"logit",0,0
"266",0.5,38,"bart",0,0
"267",0.5,39,"none",0,0
"268",0.5,39,"rake",0,0
"269",0.5,39,"strat",0,0
"270",0.5,39,"calib",0,0
"271",0.5,39,"lasso",0,0
"272",0.5,39,"logit",0,0
"273",0.5,39,"bart",0,0
"274",0.5,40,"none",0,0
"275",0.5,40,"rake",0,0
"276",0.5,40,"strat",0,0
"277",0.5,40,"calib",0,0
"278",0.5,40,"lasso",0,0
"279",0.5,40,"logit",0,0
"280",0.5,40,"bart",0,0
"281",0.5,41,"none",0,0
"282",0.5,41,"rake",0,0
"283",0.5,41,"strat",0,0
"284",0.5,41,"calib",0,0
"285",0.5,41,"lasso",0,0
"286",0.5,41,"logit",0,0
"287",0.5,41,"bart",0,0
"288",0.5,42,"none",0,0
"289",0.5,42,"rake",0,0
"290",0.5,42,"strat",0,0
"291",0.5,42,"calib",0,0
"292",0.5,42,"lasso",0,0
"293",0.5,42,"logit",0,0
"294",0.5,42,"bart",0,0
"295",0.5,43,"none",0,0
"296",0.5,43,"rake",0,0
"297",0.5,43,"strat",0,0
"298",0.5,43,"calib",0,0
"299",0.5,43,"lasso",0,0
"300",0.5,43,"logit",0,0
"301",0.5,43,"bart",0,0
"302",0.5,44,"none",0,0
"303",0.5,44,"rake",0,0
"304",0.5,44,"strat",0,0
"305",0.5,44,"calib",0,0
"306",0.5,44,"lasso",0,0
"307",0.5,44,"logit",0,0
"308",0.5,44,"bart",0,0
"309",0.5,45,"none",0,0
"310",0.5,45,"rake",0,0
"311",0.5,45,"strat",0,0
"312",0.5,45,"calib",0,0
"313",0.5,45,"lasso",0,0
"314",0.5,45,"logit",0,0
"315",0.5,45,"bart",0,0
"316",0.5,46,"none",0,0
"317",0.5,46,"rake",0,0
"318",0.5,46,"strat",0,0
"319",0.5,46,"calib",0,0
"320",0.5,46,"lasso",0,0
"321",0.5,46,"logit",0,0
"322",0.5,46,"bart",0,0
"323",0.5,47,"none",0,0
"324",0.5,47,"rake",0,0
"325",0.5,47,"strat",0,0
"326",0.5,47,"calib",0,0
"327",0.5,47,"lasso",0,0
"328",0.5,47,"logit",0,0
"329",0.5,47,"bart",0,0
"330",0.5,48,"none",0,0
"331",0.5,48,"rake",0,0
"332",0.5,48,"strat",0,0
"333",0.5,48,"calib",0,0
"334",0.5,48,"lasso",0,0
"335",0.5,48,"logit",0,0
"336",0.5,48,"bart",0,0
"337",0.5,49,"none",0,0
"338",0.5,49,"rake",0,0
"339",0.5,49,"strat",0,0
"340",0.5,49,"calib",0,0
"341",0.5,49,"lasso",0,0
"342",0.5,49,"logit",0,0
"343",0.5,49,"bart",0,0
"344",0.5,50,"none",0,0
"345",0.5,50,"rake",0,0
"346",0.5,50,"strat",0,0
"347",0.5,50,"calib",0,0
"348",0.5,50,"lasso",0,0
"349",0.5,50,"logit",0,0
"350",0.5,50,"bart",0,0
"351",0.5,51,"none",0,0
"352",0.5,51,"rake",0,0
"353",0.5,51,"strat",0,0
"354",0.5,51,"calib",0,0
"355",0.5,51,"lasso",0,0
"356",0.5,51,"logit",0,0
"357",0.5,51,"bart",0,0
"358",0.5,52,"none",0,0
"359",0.5,52,"rake",0,0
"360",0.5,52,"strat",0,0
"361",0.5,52,"calib",0,0
"362",0.5,52,"lasso",0,0
"363",0.5,52,"logit",0,0
"364",0.5,52,"bart",0,0
"365",0.5,53,"none",0,0
"366",0.5,53,"rake",0,0
"367",0.5,53,"strat",0,0
"368",0.5,53,"calib",0,0
"369",0.5,53,"lasso",0,0
"370",0.5,53,"logit",0,0
"371",0.5,53,"bart",0,0
"372",0.5,54,"none",0,0
"373",0.5,54,"rake",0,0
"374",0.5,54,"strat",0,0
"375",0.5,54,"calib",0,0
"376",0.5,54,"lasso",0,0
"377",0.5,54,"logit",0,0
"378",0.5,54,"bart",0,0
"379",0.5,55,"none",0,0
"380",0.5,55,"rake",0,0
"381",0.5,55,"strat",0,0
"382",0.5,55,"calib",0,0
"383",0.5,55,"lasso",0,0
"384",0.5,55,"logit",0,0
"385",0.5,55,"bart",0,0
"386",0.5,56,"none",0,0
"387",0.5,56,"rake",0,0
"388",0.5,56,"strat",0,0
"389",0.5,56,"calib",0,0
"390",0.5,56,"lasso",0,0
"391",0.5,56,"logit",0,0
"392",0.5,56,"bart",0,0
"393",0.5,57,"none",0,0
"394",0.5,57,"rake",0,0
"395",0.5,57,"strat",0,0
"396",0.5,57,"calib",0,0
"397",0.5,57,"lasso",0,0
"398",0.5,57,"logit",0,0
"399",0.5,57,"bart",0,0
"400",0.5,58,"none",0,0
"401",0.5,58,"rake",0,0
"402",0.5,58,"strat",0,0
"403",0.5,58,"calib",0,0
"404",0.5,58,"lasso",0,0
"405",0.5,58,"logit",0,0
"406",0.5,58,"bart",0,0
"407",0.5,59,"none",0,0
"408",0.5,59,"rake",0,0
"409",0.5,59,"strat",0,0
"410",0.5,59,"calib",0,0
"411",0.5,59,"lasso",0,0
"412",0.5,59,"logit",0,0
"413",0.5,59,"bart",0,0
"414",0.5,60,"none",0,0
"415",0.5,60,"rake",0,0
"416",0.5,60,"strat",0,0
"417",0.5,60,"calib",0,0
"418",0.5,60,"lasso",0,0
"419",0.5,60,"logit",0,0
"420",0.5,60,"bart",0,0
"421",0.5,61,"none",0,0
"422",0.5,61,"rake",0,0
"423",0.5,61,"strat",0,0
"424",0.5,61,"calib",0,0
"425",0.5,61,"lasso",0,0
"426",0.5,61,"logit",0,0
"427",0.5,61,"bart",0,0
"428",0.5,62,"none",0,0
"429",0.5,62,"rake",0,0
"430",0.5,62,"strat",0,0
"431",0.5,62,"calib",0,0
"432",0.5,62,"lasso",0,0
"433",0.5,62,"logit",0,0
"434",0.5,62,"bart",0,0
"435",0.5,63,"none",0,0
"436",0.5,63,"rake",0,0
"437",0.5,63,"strat",0,0
"438",0.5,63,"calib",0,0
"439",0.5,63,"lasso",0,0
"440",0.5,63,"logit",0,0
"441",0.5,63,"bart",0,0
"442",0.5,64,"none",0,0
"443",0.5,64,"rake",0,0
"444",0.5,64,"strat",0,0
"445",0.5,64,"calib",0,0
"446",0.5,64,"lasso",0,0
"447",0.5,64,"logit",0,0
"448",0.5,64,"bart",0,0
"449",0.5,65,"none",0,0
"450",0.5,65,"rake",0,0
"451",0.5,65,"strat",0,0
"452",0.5,65,"calib",0,0
"453",0.5,65,"lasso",0,0
"454",0.5,65,"logit",0,0
"455",0.5,65,"bart",0,0
"456",0.5,66,"none",0,0
"457",0.5,66,"rake",0,0
"458",0.5,66,"strat",0,0
"459",0.5,66,"calib",0,0
"460",0.5,66,"lasso",0,0
"461",0.5,66,"logit",0,0
"462",0.5,66,"bart",0,0
"463",0.5,67,"none",0,0
"464",0.5,67,"rake",0,0
"465",0.5,67,"strat",0,0
"466",0.5,67,"calib",0,0
"467",0.5,67,"lasso",0,0
"468",0.5,67,"logit",0,0
"469",0.5,67,"bart",0,0
"470",0.5,68,"none",0,0
"471",0.5,68,"rake",0,0
"472",0.5,68,"strat",0,0
"473",0.5,68,"calib",0,0
"474",0.5,68,"lasso",0,0
"475",0.5,68,"logit",0,0
"476",0.5,68,"bart",0,0
"477",0.5,69,"none",0,0
"478",0.5,69,"rake",0,0
"479",0.5,69,"strat",0,0
"480",0.5,69,"calib",0,0
"481",0.5,69,"lasso",0,0
"482",0.5,69,"logit",0,0
"483",0.5,69,"bart",0,0
"484",0.5,70,"none",0,0
"485",0.5,70,"rake",0,0
"486",0.5,70,"strat",0,0
"487",0.5,70,"calib",0,0
"488",0.5,70,"lasso",0,0
"489",0.5,70,"logit",0,0
"490",0.5,70,"bart",0,0
"491",0.5,71,"none",0,0
"492",0.5,71,"rake",0,0
"493",0.5,71,"strat",0,0
"494",0.5,71,"calib",0,0
"495",0.5,71,"lasso",0,0
"496",0.5,71,"logit",0,0
"497",0.5,71,"bart",0,0
"498",0.5,72,"none",0,0
"499",0.5,72,"rake",0,0
"500",0.5,72,"strat",0,0
"501",0.5,72,"calib",0,0
"502",0.5,72,"lasso",0,0
"503",0.5,72,"logit",0,0
"504",0.5,72,"bart",0,0
"505",0.5,73,"none",0,0
"506",0.5,73,"rake",0,0
"507",0.5,73,"strat",0,0
"508",0.5,73,"calib",0,0
"509",0.5,73,"lasso",0,0
"510",0.5,73,"logit",0,0
"511",0.5,73,"bart",0,0
"512",0.5,74,"none",0,0
"513",0.5,74,"rake",0,0
"514",0.5,74,"strat",0,0
"515",0.5,74,"calib",0,0
"516",0.5,74,"lasso",0,0
"517",0.5,74,"logit",0,0
"518",0.5,74,"bart",0,0
"519",0.5,75,"none",0,0
"520",0.5,75,"rake",0,0
"521",0.5,75,"strat",0,0
"522",0.5,75,"calib",0,0
"523",0.5,75,"lasso",0,0
"524",0.5,75,"logit",0,0
"525",0.5,75,"bart",0,0
"526",0.5,76,"none",0,0
"527",0.5,76,"rake",0,0
"528",0.5,76,"strat",0,0
"529",0.5,76,"calib",0,0
"530",0.5,76,"lasso",0,0
"531",0.5,76,"logit",0,0
"532",0.5,76,"bart",0,0
"533",0.5,77,"none",0,0
"534",0.5,77,"rake",0,0
"535",0.5,77,"strat",0,0
"536",0.5,77,"calib",0,0
"537",0.5,77,"lasso",0,0
"538",0.5,77,"logit",0,0
"539",0.5,77,"bart",0,0
"540",0.5,78,"none",0,0
"541",0.5,78,"rake",0,0
"542",0.5,78,"strat",0,0
"543",0.5,78,"calib",0,0
"544",0.5,78,"lasso",0,0
"545",0.5,78,"logit",0,0
"546",0.5,78,"bart",0,0
"547",0.5,79,"none",0,0
"548",0.5,79,"rake",0,0
"549",0.5,79,"strat",0,0
"550",0.5,79,"calib",0,0
"551",0.5,79,"lasso",0,0
"552",0.5,79,"logit",0,0
"553",0.5,79,"bart",0,0
"554",0.5,80,"none",0,0
"555",0.5,80,"rake",0,0
"556",0.5,80,"strat",0,0
"557",0.5,80,"calib",0,0
"558",0.5,80,"lasso",0,0
"559",0.5,80,"logit",0,0
"560",0.5,80,"bart",0,0
"561",0.5,81,"none",0,0
"562",0.5,81,"rake",0,0
"563",0.5,81,"strat",0,0
"564",0.5,81,"calib",0,0
"565",0.5,81,"lasso",0,0
"566",0.5,81,"logit",0,0
"567",0.5,81,"bart",0,0
"568",0.5,82,"none",0,0
"569",0.5,82,"rake",0,0
"570",0.5,82,"strat",0,0
"571",0.5,82,"calib",0,0
"572",0.5,82,"lasso",0,0
"573",0.5,82,"logit",0,0
"574",0.5,82,"bart",0,0
"575",0.5,83,"none",0,0
"576",0.5,83,"rake",0,0
"577",0.5,83,"strat",0,0
"578",0.5,83,"calib",0,0
"579",0.5,83,"lasso",0,0
"580",0.5,83,"logit",0,0
"581",0.5,83,"bart",0,0
"582",0.5,84,"none",0,0
"583",0.5,84,"rake",0,0
"584",0.5,84,"strat",0,0
"585",0.5,84,"calib",0,0
"586",0.5,84,"lasso",0,0
"587",0.5,84,"logit",0,0
"588",0.5,84,"bart",0,0
"589",0.5,85,"none",0,0
"590",0.5,85,"rake",0,0
"591",0.5,85,"strat",0,0
"592",0.5,85,"calib",0,0
"593",0.5,85,"lasso",0,0
"594",0.5,85,"logit",0,0
"595",0.5,85,"bart",0,0
"596",0.5,86,"none",0,0
"597",0.5,86,"rake",0,0
"598",0.5,86,"strat",0,0
"599",0.5,86,"calib",0,0
"600",0.5,86,"lasso",0,0
"601",0.5,86,"logit",0,0
"602",0.5,86,"bart",0,0
"603",0.5,87,"none",0,0
"604",0.5,87,"rake",0,0
"605",0.5,87,"strat",0,0
"606",0.5,87,"calib",0,0
"607",0.5,87,"lasso",0,0
"608",0.5,87,"logit",0,0
"609",0.5,87,"bart",0,0
"610",0.5,88,"none",0,0
"611",0.5,88,"rake",0,0
"612",0.5,88,"strat",0,0
"613",0.5,88,"calib",0,0
"614",0.5,88,"lasso",0,0
"615",0.5,88,"logit",0,0
"616",0.5,88,"bart",0,0
"617",0.5,89,"none",0,0
"618",0.5,89,"rake",0,0
"619",0.5,89,"strat",0,0
"620",0.5,89,"calib",0,0
"621",0.5,89,"lasso",0,0
"622",0.5,89,"logit",0,0
"623",0.5,89,"bart",0,0
"624",0.5,90,"none",0,0
"625",0.5,90,"rake",0,0
"626",0.5,90,"strat",0,0
"627",0.5,90,"calib",0,0
"628",0.5,90,"lasso",0,0
"629",0.5,90,"logit",0,0
"630",0.5,90,"bart",0,0
"631",0.5,91,"none",0,0
"632",0.5,91,"rake",0,0
"633",0.5,91,"strat",0,0
"634",0.5,91,"calib",0,0
"635",0.5,91,"lasso",0,0
"636",0.5,91,"logit",0,0
"637",0.5,91,"bart",0,0
"638",0.5,92,"none",0,0
"639",0.5,92,"rake",0,0
"640",0.5,92,"strat",0,0
"641",0.5,92,"calib",0,0
"642",0.5,92,"lasso",0,0
"643",0.5,92,"logit",0,0
"644",0.5,92,"bart",0,0
"645",0.5,93,"none",0,0
"646",0.5,93,"rake",0,0
"647",0.5,93,"strat",0,0
"648",0.5,93,"calib",0,0
"649",0.5,93,"lasso",0,0
"650",0.5,93,"logit",0,0
"651",0.5,93,"bart",0,0
"652",0.5,94,"none",0,0
"653",0.5,94,"rake",0,0
"654",0.5,94,"strat",0,0
"655",0.5,94,"calib",0,0
"656",0.5,94,"lasso",0,0
"657",0.5,94,"logit",0,0
"658",0.5,94,"bart",0,0
"659",0.5,95,"none",0,0
"660",0.5,95,"rake",0,0
"661",0.5,95,"strat",0,0
"662",0.5,95,"calib",0,0
"663",0.5,95,"lasso",0,0
"664",0.5,95,"logit",0,0
"665",0.5,95,"bart",0,0
"666",0.5,96,"none",0,0
"667",0.5,96,"rake",0,0
"668",0.5,96,"strat",0,0
"669",0.5,96,"calib",0,0
"670",0.5,96,"lasso",0,0
"671",0.5,96,"logit",0,0
"672",0.5,96,"bart",0,0
"673",0.5,97,"none",0,0
"674",0.5,97,"rake",0,0
"675",0.5,97,"strat",0,0
"676",0.5,97,"calib",0,0
"677",0.5,97,"lasso",0,0
"678",0.5,97,"logit",0,0
"679",0.5,97,"bart",0,0
"680",0.5,98,"none",0,0
"681",0.5,98,"rake",0,0
"682",0.5,98,"strat",0,0
"683",0.5,98,"calib",0,0
"684",0.5,98,"lasso",0,0
"685",0.5,98,"logit",0,0
"686",0.5,98,"bart",0,0
"687",0.5,99,"none",0,0
"688",0.5,99,"rake",0,0
"689",0.5,99,"strat",0,0
"690",0.5,99,"calib",0,0
"691",0.5,99,"lasso",0,0
"692",0.5,99,"logit",0,0
"693",0.5,99,"bart",0,0
"694",0.5,100,"none",0,0
"695",0.5,100,"rake",0,0
"696",0.5,100,"strat",0,0
"697",0.5,100,"calib",0,0
"698",0.5,100,"lasso",0,0
"699",0.5,100,"logit",0,0
"700",0.5,100,"bart",0,0
"701",0.5,101,"none",0,0
"702",0.5,101,"rake",0,0
"703",0.5,101,"strat",0,0
"704",0.5,101,"calib",0,0
"705",0.5,101,"lasso",0,0
"706",0.5,101,"logit",0,0
"707",0.5,101,"bart",0,0
"708",0.5,102,"none",0,0
"709",0.5,102,"rake",0,0
"710",0.5,102,"strat",0,0
"711",0.5,102,"calib",0,0
"712",0.5,102,"lasso",0,0
"713",0.5,102,"logit",0,0
"714",0.5,102,"bart",0,0
"715",0.5,103,"none",0,0
"716",0.5,103,"rake",0,0
"717",0.5,103,"strat",0,0
"718",0.5,103,"calib",0,0
"719",0.5,103,"lasso",0,0
"720",0.5,103,"logit",0,0
"721",0.5,103,"bart",0,0
"722",0.5,104,"none",0,0
"723",0.5,104,"rake",0,0
"724",0.5,104,"strat",0,0
"725",0.5,104,"calib",0,0
"726",0.5,104,"lasso",0,0
"727",0.5,104,"logit",0,0
"728",0.5,104,"bart",0,0
"729",0.5,105,"none",0,0
"730",0.5,105,"rake",0,0
"731",0.5,105,"strat",0,0
"732",0.5,105,"calib",0,0
"733",0.5,105,"lasso",0,0
"734",0.5,105,"logit",0,0
"735",0.5,105,"bart",0,0
"736",0.5,106,"none",0,0
"737",0.5,106,"rake",0,0
"738",0.5,106,"strat",0,0
"739",0.5,106,"calib",0,0
"740",0.5,106,"lasso",0,0
"741",0.5,106,"logit",0,0
"742",0.5,106,"bart",0,0
"743",0.5,107,"none",0,0
"744",0.5,107,"rake",0,0
"745",0.5,107,"strat",0,0
"746",0.5,107,"calib",0,0
"747",0.5,107,"lasso",0,0
"748",0.5,107,"logit",0,0
"749",0.5,107,"bart",0,0
"750",0.5,108,"none",0,0
"751",0.5,108,"rake",0,0
"752",0.5,108,"strat",0,0
"753",0.5,108,"calib",0,0
"754",0.5,108,"lasso",0,0
"755",0.5,108,"logit",0,0
"756",0.5,108,"bart",0,0
"757",0.5,109,"none",0,0
"758",0.5,109,"rake",0,0
"759",0.5,109,"strat",0,0
"760",0.5,109,"calib",0,0
"761",0.5,109,"lasso",0,0
"762",0.5,109,"logit",0,0
"763",0.5,109,"bart",0,0
"764",0.5,110,"none",0,0
"765",0.5,110,"rake",0,0
"766",0.5,110,"strat",0,0
"767",0.5,110,"calib",0,0
"768",0.5,110,"lasso",0,0
"769",0.5,110,"logit",0,0
"770",0.5,110,"bart",0,0
"771",0.5,111,"none",0,0
"772",0.5,111,"rake",0,0
"773",0.5,111,"strat",0,0
"774",0.5,111,"calib",0,0
"775",0.5,111,"lasso",0,0
"776",0.5,111,"logit",0,0
"777",0.5,111,"bart",0,0
"778",0.5,112,"none",0,0
"779",0.5,112,"rake",0,0
"780",0.5,112,"strat",0,0
"781",0.5,112,"calib",0,0
"782",0.5,112,"lasso",0,0
"783",0.5,112,"logit",0,0
"784",0.5,112,"bart",0,0
"785",0.5,113,"none",0,0
"786",0.5,113,"rake",0,0
"787",0.5,113,"strat",0,0
"788",0.5,113,"calib",0,0
"789",0.5,113,"lasso",0,0
"790",0.5,113,"logit",0,0
"791",0.5,113,"bart",0,0
"792",0.5,114,"none",0,0
"793",0.5,114,"rake",0,0
"794",0.5,114,"strat",0,0
"795",0.5,114,"calib",0,0
"796",0.5,114,"lasso",0,0
"797",0.5,114,"logit",0,0
"798",0.5,114,"bart",0,0
"799",0.5,115,"none",0,0
"800",0.5,115,"rake",0,0
"801",0.5,115,"strat",0,0
"802",0.5,115,"calib",0,0
"803",0.5,115,"lasso",0,0
"804",0.5,115,"logit",0,0
"805",0.5,115,"bart",0,0
"806",0.5,116,"none",0,0
"807",0.5,116,"rake",0,0
"808",0.5,116,"strat",0,0
"809",0.5,116,"calib",0,0
"810",0.5,116,"lasso",0,0
"811",0.5,116,"logit",0,0
"812",0.5,116,"bart",0,0
"813",0.5,117,"none",0,0
"814",0.5,117,"rake",0,0
"815",0.5,117,"strat",0,0
"816",0.5,117,"calib",0,4.30259486784353e-312
"817",0.5,117,"lasso",0,0
"818",0.5,117,"logit",0,0
"819",0.5,117,"bart",0,0
"820",0.5,118,"none",0,0
"821",0.5,118,"rake",0,0
"822",0.5,118,"strat",0,0
"823",0.5,118,"calib",0,0
"824",0.5,118,"lasso",0,0
"825",0.5,118,"logit",0,0
"826",0.5,118,"bart",0,0
"827",0.5,119,"none",0,0
"828",0.5,119,"rake",0,0
"829",0.5,119,"strat",0,0
"830",0.5,119,"calib",0,0
"831",0.5,119,"lasso",0,0
"832",0.5,119,"logit",0,0
"833",0.5,119,"bart",0,0
"834",0.5,120,"none",0,0
"835",0.5,120,"rake",0,0
"836",0.5,120,"strat",0,0
"837",0.5,120,"calib",0,0
"838",0.5,120,"lasso",0,0
"839",0.5,120,"logit",0,0
"840",0.5,120,"bart",0,0
"841",0.5,121,"none",0,0
"842",0.5,121,"rake",0,0
"843",0.5,121,"strat",0,0
"844",0.5,121,"calib",0,0
"845",0.5,121,"lasso",0,0
"846",0.5,121,"logit",0,0
"847",0.5,121,"bart",0,0
"848",0.5,122,"none",0,0
"849",0.5,122,"rake",0,0
"850",0.5,122,"strat",0,0
"851",0.5,122,"calib",0,0
"852",0.5,122,"lasso",0,0
"853",0.5,122,"logit",0,0
"854",0.5,122,"bart",0,0
"855",0.5,123,"none",0,0
"856",0.5,123,"rake",0,0
"857",0.5,123,"strat",0,0
"858",0.5,123,"calib",0,0
"859",0.5,123,"lasso",0,0
"860",0.5,123,"logit",0,0
"861",0.5,123,"bart",0,0
"862",0.5,124,"none",0,0
"863",0.5,124,"rake",0,0
"864",0.5,124,"strat",0,0
"865",0.5,124,"calib",0,0
"866",0.5,124,"lasso",0,0
"867",0.5,124,"logit",0,0
"868",0.5,124,"bart",0,0
"869",0.5,125,"none",0,0
"870",0.5,125,"rake",0,0
"871",0.5,125,"strat",0,0
"872",0.5,125,"calib",0,0
"873",0.5,125,"lasso",0,0
"874",0.5,125,"logit",0,0
"875",0.5,125,"bart",0,0
"876",0.5,126,"none",0,0
"877",0.5,126,"rake",0,0
"878",0.5,126,"strat",0,0
"879",0.5,126,"calib",0,0
"880",0.5,126,"lasso",0,0
"881",0.5,126,"logit",0,0
"882",0.5,126,"bart",0,0
"883",0.5,127,"none",0,0
"884",0.5,127,"rake",0,0
"885",0.5,127,"strat",0,0
"886",0.5,127,"calib",0,0
"887",0.5,127,"lasso",0,0
"888",0.5,127,"logit",0,0
"889",0.5,127,"bart",0,0
"890",0.5,128,"none",0,0
"891",0.5,128,"rake",0,0
"892",0.5,128,"strat",0,0
"893",0.5,128,"calib",0,0
"894",0.5,128,"lasso",0,0
"895",0.5,128,"logit",0,0
"896",0.5,128,"bart",0,0
"897",0.5,129,"none",0,0
"898",0.5,129,"rake",0,0
"899",0.5,129,"strat",0,0
"900",0.5,129,"calib",0,0
"901",0.5,129,"lasso",0,0
"902",0.5,129,"logit",0,0
"903",0.5,129,"bart",0,0
"904",0.5,130,"none",0,0
"905",0.5,130,"rake",0,0
"906",0.5,130,"strat",0,0
"907",0.5,130,"calib",0,0
"908",0.5,130,"lasso",0,0
"909",0.5,130,"logit",0,0
"910",0.5,130,"bart",0,0
"911",0.5,131,"none",0,0
"912",0.5,131,"rake",0,0
"913",0.5,131,"strat",0,0
"914",0.5,131,"calib",0,0
"915",0.5,131,"lasso",0,0
"916",0.5,131,"logit",0,0
"917",0.5,131,"bart",0,0
"918",0.5,132,"none",0,0
"919",0.5,132,"rake",0,0
"920",0.5,132,"strat",0,0
"921",0.5,132,"calib",0,0
"922",0.5,132,"lasso",0,0
"923",0.5,132,"logit",0,0
"924",0.5,132,"bart",0,0
"925",0.5,133,"none",0,0
"926",0.5,133,"rake",0,0
"927",0.5,133,"strat",0,0
"928",0.5,133,"calib",0,0
"929",0.5,133,"lasso",0,0
"930",0.5,133,"logit",0,0
"931",0.5,133,"bart",0,0
"932",0.5,134,"none",0,0
"933",0.5,134,"rake",0,0
"934",0.5,134,"strat",0,0
"935",0.5,134,"calib",0,0
"936",0.5,134,"lasso",0,0
"937",0.5,134,"logit",0,0
"938",0.5,134,"bart",0,0
"939",0.5,135,"none",0,0
"940",0.5,135,"rake",0,0
"941",0.5,135,"strat",0,0
"942",0.5,135,"calib",0,0
"943",0.5,135,"lasso",0,0
"944",0.5,135,"logit",0,0
"945",0.5,135,"bart",0,0
"946",0.5,136,"none",0,0
"947",0.5,136,"rake",0,0
"948",0.5,136,"strat",0,0
"949",0.5,136,"calib",0,0
"950",0.5,136,"lasso",0,0
"951",0.5,136,"logit",0,0
"952",0.5,136,"bart",0,0
"953",0.5,137,"none",0,0
"954",0.5,137,"rake",0,0
"955",0.5,137,"strat",0,0
"956",0.5,137,"calib",0,0
"957",0.5,137,"lasso",0,0
"958",0.5,137,"logit",0,0
"959",0.5,137,"bart",0,0
"960",0.5,138,"none",0,0
"961",0.5,138,"rake",0,0
"962",0.5,138,"strat",0,0
"963",0.5,138,"calib",0,0
"964",0.5,138,"lasso",0,0
"965",0.5,138,"logit",0,0
"966",0.5,138,"bart",0,0
"967",0.5,139,"none",0,0
"968",0.5,139,"rake",0,0
"969",0.5,139,"strat",0,0
"970",0.5,139,"calib",0,1.66437216498835e-277
"971",0.5,139,"lasso",0,0
"972",0.5,139,"logit",0,0
"973",0.5,139,"bart",0,0
"974",0.5,140,"none",0,0
"975",0.5,140,"rake",0,0
"976",0.5,140,"strat",0,0
"977",0.5,140,"calib",0,0
"978",0.5,140,"lasso",0,0
"979",0.5,140,"logit",0,0
"980",0.5,140,"bart",0,0
"981",0.5,141,"none",0,0
"982",0.5,141,"rake",0,0
"983",0.5,141,"strat",0,0
"984",0.5,141,"calib",0,0
"985",0.5,141,"lasso",0,0
"986",0.5,141,"logit",0,0
"987",0.5,141,"bart",0,0
"988",0.5,142,"none",0,0
"989",0.5,142,"rake",0,0
"990",0.5,142,"strat",0,0
"991",0.5,142,"calib",0,0
"992",0.5,142,"lasso",0,0
"993",0.5,142,"logit",0,0
"994",0.5,142,"bart",0,0
"995",0.5,143,"none",0,0
"996",0.5,143,"rake",0,0
"997",0.5,143,"strat",0,0
"998",0.5,143,"calib",0,0
"999",0.5,143,"lasso",0,0
"1000",0.5,143,"logit",0,0
"1001",0.5,143,"bart",0,0
"1002",0.5,144,"none",0,0
"1003",0.5,144,"rake",0,0
"1004",0.5,144,"strat",0,0
"1005",0.5,144,"calib",0,2.4571374037269e-314
"1006",0.5,144,"lasso",0,0
"1007",0.5,144,"logit",0,0
"1008",0.5,144,"bart",0,0
"1009",0.5,145,"none",0,0
"1010",0.5,145,"rake",0,0
"1011",0.5,145,"strat",0,0
"1012",0.5,145,"calib",0,0
"1013",0.5,145,"lasso",0,0
"1014",0.5,145,"logit",0,0
"1015",0.5,145,"bart",0,0
"1016",0.5,146,"none",0,0
"1017",0.5,146,"rake",0,0
"1018",0.5,146,"strat",0,0
"1019",0.5,146,"calib",0,0
"1020",0.5,146,"lasso",0,0
"1021",0.5,146,"logit",0,0
"1022",0.5,146,"bart",0,0
"1023",0.5,147,"none",0,0
"1024",0.5,147,"rake",0,0
"1025",0.5,147,"strat",0,0
"1026",0.5,147,"calib",0,0
"1027",0.5,147,"lasso",0,0
"1028",0.5,147,"logit",0,0
"1029",0.5,147,"bart",0,0
"1030",0.5,148,"none",0,0
"1031",0.5,148,"rake",0,0
"1032",0.5,148,"strat",0,0
"1033",0.5,148,"calib",0,0
"1034",0.5,148,"lasso",0,0
"1035",0.5,148,"logit",0,0
"1036",0.5,148,"bart",0,0
"1037",0.5,149,"none",0,0
"1038",0.5,149,"rake",0,0
"1039",0.5,149,"strat",0,0
"1040",0.5,149,"calib",0,0
"1041",0.5,149,"lasso",0,0
"1042",0.5,149,"logit",0,0
"1043",0.5,149,"bart",0,0
"1044",0.5,150,"none",0,0
"1045",0.5,150,"rake",0,0
"1046",0.5,150,"strat",0,0
"1047",0.5,150,"calib",0,4.33268891857898e-318
"1048",0.5,150,"lasso",0,0
"1049",0.5,150,"logit",0,0
"1050",0.5,150,"bart",0,0
"1051",0.5,151,"none",0,0
"1052",0.5,151,"rake",0,0
"1053",0.5,151,"strat",0,0
"1054",0.5,151,"calib",0,0
"1055",0.5,151,"lasso",0,0
"1056",0.5,151,"logit",0,0
"1057",0.5,151,"bart",0,0
"1058",0.5,152,"none",0,0
"1059",0.5,152,"rake",0,0
"1060",0.5,152,"strat",0,0
"1061",0.5,152,"calib",0,0
"1062",0.5,152,"lasso",0,0
"1063",0.5,152,"logit",0,0
"1064",0.5,152,"bart",0,0
"1065",0.5,153,"none",0,0
"1066",0.5,153,"rake",0,0
"1067",0.5,153,"strat",0,0
"1068",0.5,153,"calib",0,0
"1069",0.5,153,"lasso",0,0
"1070",0.5,153,"logit",0,0
"1071",0.5,153,"bart",0,0
"1072",0.5,154,"none",0,0
"1073",0.5,154,"rake",0,0
"1074",0.5,154,"strat",0,0
"1075",0.5,154,"calib",0,0
"1076",0.5,154,"lasso",0,0
"1077",0.5,154,"logit",0,0
"1078",0.5,154,"bart",0,0
"1079",0.5,155,"none",0,0
"1080",0.5,155,"rake",0,0
"1081",0.5,155,"strat",0,0
"1082",0.5,155,"calib",0,0
"1083",0.5,155,"lasso",0,0
"1084",0.5,155,"logit",0,0
"1085",0.5,155,"bart",0,0
"1086",0.5,156,"none",0,0
"1087",0.5,156,"rake",0,0
"1088",0.5,156,"strat",0,0
"1089",0.5,156,"calib",0,0
"1090",0.5,156,"lasso",0,0
"1091",0.5,156,"logit",0,0
"1092",0.5,156,"bart",0,0
"1093",0.5,157,"none",0,0
"1094",0.5,157,"rake",0,0
"1095",0.5,157,"strat",0,0
"1096",0.5,157,"calib",0,0
"1097",0.5,157,"lasso",0,0
"1098",0.5,157,"logit",0,0
"1099",0.5,157,"bart",0,0
"1100",0.5,158,"none",0,0
"1101",0.5,158,"rake",0,0
"1102",0.5,158,"strat",0,0
"1103",0.5,158,"calib",0,0
"1104",0.5,158,"lasso",0,0
"1105",0.5,158,"logit",0,0
"1106",0.5,158,"bart",0,0
"1107",0.5,159,"none",0,0
"1108",0.5,159,"rake",0,0
"1109",0.5,159,"strat",0,0
"1110",0.5,159,"calib",0,0
"1111",0.5,159,"lasso",0,0
"1112",0.5,159,"logit",0,0
"1113",0.5,159,"bart",0,0
"1114",0.5,160,"none",0,0
"1115",0.5,160,"rake",0,0
"1116",0.5,160,"strat",0,0
"1117",0.5,160,"calib",0,0
"1118",0.5,160,"lasso",0,0
"1119",0.5,160,"logit",0,0
"1120",0.5,160,"bart",0,0
"1121",0.5,161,"none",0,0
"1122",0.5,161,"rake",0,0
"1123",0.5,161,"strat",0,0
"1124",0.5,161,"calib",0,0
"1125",0.5,161,"lasso",0,0
"1126",0.5,161,"logit",0,0
"1127",0.5,161,"bart",0,0
"1128",0.5,162,"none",0,0
"1129",0.5,162,"rake",0,0
"1130",0.5,162,"strat",0,0
"1131",0.5,162,"calib",0,0
"1132",0.5,162,"lasso",0,0
"1133",0.5,162,"logit",0,0
"1134",0.5,162,"bart",0,0
"1135",0.5,163,"none",0,0
"1136",0.5,163,"rake",0,0
"1137",0.5,163,"strat",0,0
"1138",0.5,163,"calib",0,0
"1139",0.5,163,"lasso",0,0
"1140",0.5,163,"logit",0,0
"1141",0.5,163,"bart",0,0
"1142",0.5,164,"none",0,0
"1143",0.5,164,"rake",0,0
"1144",0.5,164,"strat",0,0
"1145",0.5,164,"calib",0,0
"1146",0.5,164,"lasso",0,0
"1147",0.5,164,"logit",0,0
"1148",0.5,164,"bart",0,0
"1149",0.5,165,"none",0,0
"1150",0.5,165,"rake",0,0
"1151",0.5,165,"strat",0,0
"1152",0.5,165,"calib",0,0
"1153",0.5,165,"lasso",0,0
"1154",0.5,165,"logit",0,0
"1155",0.5,165,"bart",0,0
"1156",0.5,166,"none",0,0
"1157",0.5,166,"rake",0,0
"1158",0.5,166,"strat",0,0
"1159",0.5,166,"calib",0,0
"1160",0.5,166,"lasso",0,0
"1161",0.5,166,"logit",0,0
"1162",0.5,166,"bart",0,0
"1163",0.5,167,"none",0,0
"1164",0.5,167,"rake",0,0
"1165",0.5,167,"strat",0,0
"1166",0.5,167,"calib",0,0
"1167",0.5,167,"lasso",0,0
"1168",0.5,167,"logit",0,0
"1169",0.5,167,"bart",0,0
"1170",0.5,168,"none",0,0
"1171",0.5,168,"rake",0,0
"1172",0.5,168,"strat",0,0
"1173",0.5,168,"calib",0,0
"1174",0.5,168,"lasso",0,0
"1175",0.5,168,"logit",0,0
"1176",0.5,168,"bart",0,0
"1177",0.5,169,"none",0,0
"1178",0.5,169,"rake",0,0
"1179",0.5,169,"strat",0,0
"1180",0.5,169,"calib",0,0
"1181",0.5,169,"lasso",0,0
"1182",0.5,169,"logit",0,0
"1183",0.5,169,"bart",0,0
"1184",0.5,170,"none",0,0
"1185",0.5,170,"rake",0,0
"1186",0.5,170,"strat",0,0
"1187",0.5,170,"calib",0,0
"1188",0.5,170,"lasso",0,0
"1189",0.5,170,"logit",0,0
"1190",0.5,170,"bart",0,0
"1191",0.5,171,"none",0,0
"1192",0.5,171,"rake",0,0
"1193",0.5,171,"strat",0,0
"1194",0.5,171,"calib",0,0
"1195",0.5,171,"lasso",0,0
"1196",0.5,171,"logit",0,0
"1197",0.5,171,"bart",0,0
"1198",0.5,172,"none",0,0
"1199",0.5,172,"rake",0,0
"1200",0.5,172,"strat",0,0
"1201",0.5,172,"calib",0,0
"1202",0.5,172,"lasso",0,0
"1203",0.5,172,"logit",0,0
"1204",0.5,172,"bart",0,0
"1205",0.5,173,"none",0,0
"1206",0.5,173,"rake",0,0
"1207",0.5,173,"strat",0,0
"1208",0.5,173,"calib",0,0
"1209",0.5,173,"lasso",0,0
"1210",0.5,173,"logit",0,0
"1211",0.5,173,"bart",0,0
"1212",0.5,174,"none",0,0
"1213",0.5,174,"rake",0,0
"1214",0.5,174,"strat",0,0
"1215",0.5,174,"calib",0,0
"1216",0.5,174,"lasso",0,0
"1217",0.5,174,"logit",0,0
"1218",0.5,174,"bart",0,0
"1219",0.5,175,"none",0,0
"1220",0.5,175,"rake",0,0
"1221",0.5,175,"strat",0,0
"1222",0.5,175,"calib",0,0
"1223",0.5,175,"lasso",0,0
"1224",0.5,175,"logit",0,0
"1225",0.5,175,"bart",0,0
"1226",0.5,176,"none",0,0
"1227",0.5,176,"rake",0,0
"1228",0.5,176,"strat",0,0
"1229",0.5,176,"calib",0,0
"1230",0.5,176,"lasso",0,0
"1231",0.5,176,"logit",0,0
"1232",0.5,176,"bart",0,0
"1233",0.5,177,"none",0,0
"1234",0.5,177,"rake",0,0
"1235",0.5,177,"strat",0,0
"1236",0.5,177,"calib",0,0
"1237",0.5,177,"lasso",0,0
"1238",0.5,177,"logit",0,0
"1239",0.5,177,"bart",0,0
"1240",0.5,178,"none",0,0
"1241",0.5,178,"rake",0,0
"1242",0.5,178,"strat",0,0
"1243",0.5,178,"calib",0,0
"1244",0.5,178,"lasso",0,0
"1245",0.5,178,"logit",0,0
"1246",0.5,178,"bart",0,0
"1247",0.5,179,"none",0,0
"1248",0.5,179,"rake",0,0
"1249",0.5,179,"strat",0,0
"1250",0.5,179,"calib",0,0
"1251",0.5,179,"lasso",0,0
"1252",0.5,179,"logit",0,0
"1253",0.5,179,"bart",0,0
"1254",0.5,180,"none",0,0
"1255",0.5,180,"rake",0,0
"1256",0.5,180,"strat",0,0
"1257",0.5,180,"calib",0,0
"1258",0.5,180,"lasso",0,0
"1259",0.5,180,"logit",0,0
"1260",0.5,180,"bart",0,0
"1261",0.5,181,"none",0,0
"1262",0.5,181,"rake",0,0
"1263",0.5,181,"strat",0,0
"1264",0.5,181,"calib",0,0
"1265",0.5,181,"lasso",0,0
"1266",0.5,181,"logit",0,0
"1267",0.5,181,"bart",0,0
"1268",0.5,182,"none",0,0
"1269",0.5,182,"rake",0,0
"1270",0.5,182,"strat",0,0
"1271",0.5,182,"calib",0,0
"1272",0.5,182,"lasso",0,0
"1273",0.5,182,"logit",0,0
"1274",0.5,182,"bart",0,0
"1275",0.5,183,"none",0,0
"1276",0.5,183,"rake",0,0
"1277",0.5,183,"strat",0,0
"1278",0.5,183,"calib",0,0
"1279",0.5,183,"lasso",0,0
"1280",0.5,183,"logit",0,0
"1281",0.5,183,"bart",0,0
"1282",0.5,184,"none",0,0
"1283",0.5,184,"rake",0,0
"1284",0.5,184,"strat",0,0
"1285",0.5,184,"calib",0,0
"1286",0.5,184,"lasso",0,0
"1287",0.5,184,"logit",0,0
"1288",0.5,184,"bart",0,0
"1289",0.5,185,"none",0,0
"1290",0.5,185,"rake",0,0
"1291",0.5,185,"strat",0,0
"1292",0.5,185,"calib",0,0
"1293",0.5,185,"lasso",0,0
"1294",0.5,185,"logit",0,0
"1295",0.5,185,"bart",0,0
"1296",0.5,186,"none",0,0
"1297",0.5,186,"rake",0,0
"1298",0.5,186,"strat",0,0
"1299",0.5,186,"calib",0,0
"1300",0.5,186,"lasso",0,0
"1301",0.5,186,"logit",0,0
"1302",0.5,186,"bart",0,0
"1303",0.5,187,"none",0,0
"1304",0.5,187,"rake",0,0
"1305",0.5,187,"strat",0,0
"1306",0.5,187,"calib",0,0
"1307",0.5,187,"lasso",0,0
"1308",0.5,187,"logit",0,0
"1309",0.5,187,"bart",0,0
"1310",0.5,188,"none",0,0
"1311",0.5,188,"rake",0,0
"1312",0.5,188,"strat",0,0
"1313",0.5,188,"calib",0,0
"1314",0.5,188,"lasso",0,0
"1315",0.5,188,"logit",0,0
"1316",0.5,188,"bart",0,0
"1317",0.5,189,"none",0,0
"1318",0.5,189,"rake",0,0
"1319",0.5,189,"strat",0,0
"1320",0.5,189,"calib",0,0
"1321",0.5,189,"lasso",0,0
"1322",0.5,189,"logit",0,0
"1323",0.5,189,"bart",0,0
"1324",0.5,190,"none",0,0
"1325",0.5,190,"rake",0,0
"1326",0.5,190,"strat",0,0
"1327",0.5,190,"calib",0,0
"1328",0.5,190,"lasso",0,0
"1329",0.5,190,"logit",0,0
"1330",0.5,190,"bart",0,0
"1331",0.5,191,"none",0,0
"1332",0.5,191,"rake",0,0
"1333",0.5,191,"strat",0,0
"1334",0.5,191,"calib",0,0
"1335",0.5,191,"lasso",0,0
"1336",0.5,191,"logit",0,0
"1337",0.5,191,"bart",0,0
"1338",0.5,192,"none",0,0
"1339",0.5,192,"rake",0,0
"1340",0.5,192,"strat",0,0
"1341",0.5,192,"calib",0,0
"1342",0.5,192,"lasso",0,0
"1343",0.5,192,"logit",0,0
"1344",0.5,192,"bart",0,0
"1345",0.5,193,"none",0,0
"1346",0.5,193,"rake",0,0
"1347",0.5,193,"strat",0,0
"1348",0.5,193,"calib",0,0
"1349",0.5,193,"lasso",0,0
"1350",0.5,193,"logit",0,0
"1351",0.5,193,"bart",0,0
"1352",0.5,194,"none",0,0
"1353",0.5,194,"rake",0,0
"1354",0.5,194,"strat",0,0
"1355",0.5,194,"calib",0,0
"1356",0.5,194,"lasso",0,0
"1357",0.5,194,"logit",0,0
"1358",0.5,194,"bart",0,0
"1359",0.5,195,"none",0,0
"1360",0.5,195,"rake",0,0
"1361",0.5,195,"strat",0,0
"1362",0.5,195,"calib",0,0
"1363",0.5,195,"lasso",0,0
"1364",0.5,195,"logit",0,0
"1365",0.5,195,"bart",0,0
"1366",0.5,196,"none",0,0
"1367",0.5,196,"rake",0,0
"1368",0.5,196,"strat",0,0
"1369",0.5,196,"calib",0,0
"1370",0.5,196,"lasso",0,0
"1371",0.5,196,"logit",0,0
"1372",0.5,196,"bart",0,0
"1373",0.5,197,"none",0,0
"1374",0.5,197,"rake",0,0
"1375",0.5,197,"strat",0,0
"1376",0.5,197,"calib",0,0
"1377",0.5,197,"lasso",0,0
"1378",0.5,197,"logit",0,0
"1379",0.5,197,"bart",0,0
"1380",0.5,198,"none",0,0
"1381",0.5,198,"rake",0,0
"1382",0.5,198,"strat",0,0
"1383",0.5,198,"calib",0,0
"1384",0.5,198,"lasso",0,0
"1385",0.5,198,"logit",0,0
"1386",0.5,198,"bart",0,0
"1387",0.5,199,"none",0,0
"1388",0.5,199,"rake",0,0
"1389",0.5,199,"strat",0,0
"1390",0.5,199,"calib",0,0
"1391",0.5,199,"lasso",0,0
"1392",0.5,199,"logit",0,0
"1393",0.5,199,"bart",0,0
"1394",0.5,200,"none",0,0
"1395",0.5,200,"rake",0,0
"1396",0.5,200,"strat",0,0
"1397",0.5,200,"calib",0,0
"1398",0.5,200,"lasso",0,0
"1399",0.5,200,"logit",0,0
"1400",0.5,200,"bart",0,0
"1401",0.5,201,"none",0,0
"1402",0.5,201,"rake",0,0
"1403",0.5,201,"strat",0,0
"1404",0.5,201,"calib",0,0
"1405",0.5,201,"lasso",0,0
"1406",0.5,201,"logit",0,0
"1407",0.5,201,"bart",0,0
"1408",0.5,202,"none",0,0
"1409",0.5,202,"rake",0,0
"1410",0.5,202,"strat",0,0
"1411",0.5,202,"calib",0,0
"1412",0.5,202,"lasso",0,0
"1413",0.5,202,"logit",0,0
"1414",0.5,202,"bart",0,0
"1415",0.5,203,"none",0,0
"1416",0.5,203,"rake",0,0
"1417",0.5,203,"strat",0,0
"1418",0.5,203,"calib",0,0
"1419",0.5,203,"lasso",0,0
"1420",0.5,203,"logit",0,0
"1421",0.5,203,"bart",0,0
"1422",0.5,204,"none",0,0
"1423",0.5,204,"rake",0,0
"1424",0.5,204,"strat",0,0
"1425",0.5,204,"calib",0,0
"1426",0.5,204,"lasso",0,0
"1427",0.5,204,"logit",0,0
"1428",0.5,204,"bart",0,0
"1429",0.5,205,"none",0,0
"1430",0.5,205,"rake",0,0
"1431",0.5,205,"strat",0,0
"1432",0.5,205,"calib",0,0
"1433",0.5,205,"lasso",0,0
"1434",0.5,205,"logit",0,0
"1435",0.5,205,"bart",0,0
"1436",0.5,206,"none",0,0
"1437",0.5,206,"rake",0,0
"1438",0.5,206,"strat",0,0
"1439",0.5,206,"calib",0,0
"1440",0.5,206,"lasso",0,0
"1441",0.5,206,"logit",0,0
"1442",0.5,206,"bart",0,0
"1443",0.5,207,"none",0,0
"1444",0.5,207,"rake",0,0
"1445",0.5,207,"strat",0,0
"1446",0.5,207,"calib",0,0
"1447",0.5,207,"lasso",0,0
"1448",0.5,207,"logit",0,0
"1449",0.5,207,"bart",0,0
"1450",0.5,208,"none",0,0
"1451",0.5,208,"rake",0,0
"1452",0.5,208,"strat",0,0
"1453",0.5,208,"calib",0,3.70004295601958e-289
"1454",0.5,208,"lasso",0,0
"1455",0.5,208,"logit",0,0
"1456",0.5,208,"bart",0,0
"1457",0.5,209,"none",0,0
"1458",0.5,209,"rake",0,0
"1459",0.5,209,"strat",0,0
"1460",0.5,209,"calib",0,0
"1461",0.5,209,"lasso",0,0
"1462",0.5,209,"logit",0,0
"1463",0.5,209,"bart",0,0
"1464",0.5,210,"none",0,0
"1465",0.5,210,"rake",0,0
"1466",0.5,210,"strat",0,0
"1467",0.5,210,"calib",0,0
"1468",0.5,210,"lasso",0,0
"1469",0.5,210,"logit",0,0
"1470",0.5,210,"bart",0,0
"1471",0.5,211,"none",0,0
"1472",0.5,211,"rake",0,0
"1473",0.5,211,"strat",0,0
"1474",0.5,211,"calib",0,0
"1475",0.5,211,"lasso",0,0
"1476",0.5,211,"logit",0,0
"1477",0.5,211,"bart",0,0
"1478",0.5,212,"none",0,0
"1479",0.5,212,"rake",0,0
"1480",0.5,212,"strat",0,0
"1481",0.5,212,"calib",0,0
"1482",0.5,212,"lasso",0,0
"1483",0.5,212,"logit",0,0
"1484",0.5,212,"bart",0,0
"1485",0.5,213,"none",0,0
"1486",0.5,213,"rake",0,0
"1487",0.5,213,"strat",0,0
"1488",0.5,213,"calib",0,0
"1489",0.5,213,"lasso",0,0
"1490",0.5,213,"logit",0,0
"1491",0.5,213,"bart",0,0
"1492",0.5,214,"none",0,0
"1493",0.5,214,"rake",0,0
"1494",0.5,214,"strat",0,0
"1495",0.5,214,"calib",0,0
"1496",0.5,214,"lasso",0,0
"1497",0.5,214,"logit",0,0
"1498",0.5,214,"bart",0,0
"1499",0.5,215,"none",0,0
"1500",0.5,215,"rake",0,0
"1501",0.5,215,"strat",0,0
"1502",0.5,215,"calib",0,0
"1503",0.5,215,"lasso",0,0
"1504",0.5,215,"logit",0,0
"1505",0.5,215,"bart",0,0
"1506",0.5,216,"none",0,0
"1507",0.5,216,"rake",0,0
"1508",0.5,216,"strat",0,0
"1509",0.5,216,"calib",0,0
"1510",0.5,216,"lasso",0,0
"1511",0.5,216,"logit",0,0
"1512",0.5,216,"bart",0,0
"1513",0.5,217,"none",0,0
"1514",0.5,217,"rake",0,0
"1515",0.5,217,"strat",0,0
"1516",0.5,217,"calib",0,0
"1517",0.5,217,"lasso",0,0
"1518",0.5,217,"logit",0,0
"1519",0.5,217,"bart",0,0
"1520",0.5,218,"none",0,0
"1521",0.5,218,"rake",0,0
"1522",0.5,218,"strat",0,0
"1523",0.5,218,"calib",0,0
"1524",0.5,218,"lasso",0,0
"1525",0.5,218,"logit",0,0
"1526",0.5,218,"bart",0,0
"1527",0.5,219,"none",0,0
"1528",0.5,219,"rake",0,0
"1529",0.5,219,"strat",0,0
"1530",0.5,219,"calib",0,0
"1531",0.5,219,"lasso",0,0
"1532",0.5,219,"logit",0,0
"1533",0.5,219,"bart",0,0
"1534",0.5,220,"none",0,0
"1535",0.5,220,"rake",0,0
"1536",0.5,220,"strat",0,0
"1537",0.5,220,"calib",0,0
"1538",0.5,220,"lasso",0,0
"1539",0.5,220,"logit",0,0
"1540",0.5,220,"bart",0,0
"1541",0.5,221,"none",0,0
"1542",0.5,221,"rake",0,0
"1543",0.5,221,"strat",0,0
"1544",0.5,221,"calib",0,0
"1545",0.5,221,"lasso",0,0
"1546",0.5,221,"logit",0,0
"1547",0.5,221,"bart",0,0
"1548",0.5,222,"none",0,0
"1549",0.5,222,"rake",0,0
"1550",0.5,222,"strat",0,0
"1551",0.5,222,"calib",0,0
"1552",0.5,222,"lasso",0,0
"1553",0.5,222,"logit",0,0
"1554",0.5,222,"bart",0,0
"1555",0.5,223,"none",0,0
"1556",0.5,223,"rake",0,0
"1557",0.5,223,"strat",0,0
"1558",0.5,223,"calib",0,0
"1559",0.5,223,"lasso",0,0
"1560",0.5,223,"logit",0,0
"1561",0.5,223,"bart",0,0
"1562",0.5,224,"none",0,0
"1563",0.5,224,"rake",0,0
"1564",0.5,224,"strat",0,0
"1565",0.5,224,"calib",0,0
"1566",0.5,224,"lasso",0,0
"1567",0.5,224,"logit",0,0
"1568",0.5,224,"bart",0,0
"1569",0.5,225,"none",0,0
"1570",0.5,225,"rake",0,0
"1571",0.5,225,"strat",0,0
"1572",0.5,225,"calib",0,0
"1573",0.5,225,"lasso",0,0
"1574",0.5,225,"logit",0,0
"1575",0.5,225,"bart",0,0
"1576",0.5,226,"none",0,0
"1577",0.5,226,"rake",0,0
"1578",0.5,226,"strat",0,0
"1579",0.5,226,"calib",0,0
"1580",0.5,226,"lasso",0,0
"1581",0.5,226,"logit",0,0
"1582",0.5,226,"bart",0,0
"1583",0.5,227,"none",0,0
"1584",0.5,227,"rake",0,0
"1585",0.5,227,"strat",0,0
"1586",0.5,227,"calib",0,0
"1587",0.5,227,"lasso",0,0
"1588",0.5,227,"logit",0,0
"1589",0.5,227,"bart",0,0
"1590",0.5,228,"none",0,0
"1591",0.5,228,"rake",0,0
"1592",0.5,228,"strat",0,0
"1593",0.5,228,"calib",0,0
"1594",0.5,228,"lasso",0,0
"1595",0.5,228,"logit",0,0
"1596",0.5,228,"bart",0,0
"1597",0.5,229,"none",0,0
"1598",0.5,229,"rake",0,0
"1599",0.5,229,"strat",0,0
"1600",0.5,229,"calib",0,0
"1601",0.5,229,"lasso",0,0
"1602",0.5,229,"logit",0,0
"1603",0.5,229,"bart",0,0
"1604",0.5,230,"none",0,0
"1605",0.5,230,"rake",0,0
"1606",0.5,230,"strat",0,0
"1607",0.5,230,"calib",0,0
"1608",0.5,230,"lasso",0,0
"1609",0.5,230,"logit",0,0
"1610",0.5,230,"bart",0,0
"1611",0.5,231,"none",0,0
"1612",0.5,231,"rake",0,0
"1613",0.5,231,"strat",0,0
"1614",0.5,231,"calib",0,0
"1615",0.5,231,"lasso",0,0
"1616",0.5,231,"logit",0,0
"1617",0.5,231,"bart",0,0
"1618",0.5,232,"none",0,0
"1619",0.5,232,"rake",0,0
"1620",0.5,232,"strat",0,0
"1621",0.5,232,"calib",0,0
"1622",0.5,232,"lasso",0,0
"1623",0.5,232,"logit",0,0
"1624",0.5,232,"bart",0,0
"1625",0.5,233,"none",0,0
"1626",0.5,233,"rake",0,0
"1627",0.5,233,"strat",0,0
"1628",0.5,233,"calib",0,0
"1629",0.5,233,"lasso",0,0
"1630",0.5,233,"logit",0,0
"1631",0.5,233,"bart",0,0
"1632",0.5,234,"none",0,0
"1633",0.5,234,"rake",0,0
"1634",0.5,234,"strat",0,0
"1635",0.5,234,"calib",0,0
"1636",0.5,234,"lasso",0,0
"1637",0.5,234,"logit",0,0
"1638",0.5,234,"bart",0,0
"1639",0.5,235,"none",0,0
"1640",0.5,235,"rake",0,0
"1641",0.5,235,"strat",0,0
"1642",0.5,235,"calib",0,0
"1643",0.5,235,"lasso",0,0
"1644",0.5,235,"logit",0,0
"1645",0.5,235,"bart",0,0
"1646",0.5,236,"none",0,0
"1647",0.5,236,"rake",0,0
"1648",0.5,236,"strat",0,0
"1649",0.5,236,"calib",0,0
"1650",0.5,236,"lasso",0,0
"1651",0.5,236,"logit",0,0
"1652",0.5,236,"bart",0,0
"1653",0.5,237,"none",0,0
"1654",0.5,237,"rake",0,0
"1655",0.5,237,"strat",0,0
"1656",0.5,237,"calib",0,0
"1657",0.5,237,"lasso",0,0
"1658",0.5,237,"logit",0,0
"1659",0.5,237,"bart",0,0
"1660",0.5,238,"none",0,0
"1661",0.5,238,"rake",0,0
"1662",0.5,238,"strat",0,0
"1663",0.5,238,"calib",0,0
"1664",0.5,238,"lasso",0,0
"1665",0.5,238,"logit",0,0
"1666",0.5,238,"bart",0,0
"1667",0.5,239,"none",0,0
"1668",0.5,239,"rake",0,0
"1669",0.5,239,"strat",0,0
"1670",0.5,239,"calib",0,0
"1671",0.5,239,"lasso",0,0
"1672",0.5,239,"logit",0,0
"1673",0.5,239,"bart",0,0
"1674",0.5,240,"none",0,0
"1675",0.5,240,"rake",0,0
"1676",0.5,240,"strat",0,0
"1677",0.5,240,"calib",0,0
"1678",0.5,240,"lasso",0,0
"1679",0.5,240,"logit",0,0
"1680",0.5,240,"bart",0,0
"1681",0.5,241,"none",0,0
"1682",0.5,241,"rake",0,0
"1683",0.5,241,"strat",0,0
"1684",0.5,241,"calib",0,0
"1685",0.5,241,"lasso",0,0
"1686",0.5,241,"logit",0,0
"1687",0.5,241,"bart",0,0
"1688",0.5,242,"none",0,0
"1689",0.5,242,"rake",0,0
"1690",0.5,242,"strat",0,0
"1691",0.5,242,"calib",0,0
"1692",0.5,242,"lasso",0,0
"1693",0.5,242,"logit",0,0
"1694",0.5,242,"bart",0,0
"1695",0.5,243,"none",0,0
"1696",0.5,243,"rake",0,0
"1697",0.5,243,"strat",0,0
"1698",0.5,243,"calib",0,0
"1699",0.5,243,"lasso",0,0
"1700",0.5,243,"logit",0,0
"1701",0.5,243,"bart",0,0
"1702",0.5,244,"none",0,0
"1703",0.5,244,"rake",0,0
"1704",0.5,244,"strat",0,0
"1705",0.5,244,"calib",0,0
"1706",0.5,244,"lasso",0,0
"1707",0.5,244,"logit",0,0
"1708",0.5,244,"bart",0,0
"1709",0.5,245,"none",0,0
"1710",0.5,245,"rake",0,0
"1711",0.5,245,"strat",0,0
"1712",0.5,245,"calib",0,0
"1713",0.5,245,"lasso",0,0
"1714",0.5,245,"logit",0,0
"1715",0.5,245,"bart",0,0
"1716",0.5,246,"none",0,0
"1717",0.5,246,"rake",0,0
"1718",0.5,246,"strat",0,0
"1719",0.5,246,"calib",0,0
"1720",0.5,246,"lasso",0,0
"1721",0.5,246,"logit",0,0
"1722",0.5,246,"bart",0,0
"1723",0.5,247,"none",0,0
"1724",0.5,247,"rake",0,0
"1725",0.5,247,"strat",0,0
"1726",0.5,247,"calib",0,0
"1727",0.5,247,"lasso",0,0
"1728",0.5,247,"logit",0,0
"1729",0.5,247,"bart",0,0
"1730",0.5,248,"none",0,0
"1731",0.5,248,"rake",0,0
"1732",0.5,248,"strat",0,0
"1733",0.5,248,"calib",0,0
"1734",0.5,248,"lasso",0,0
"1735",0.5,248,"logit",0,0
"1736",0.5,248,"bart",0,0
"1737",0.5,249,"none",0,0
"1738",0.5,249,"rake",0,0
"1739",0.5,249,"strat",0,0
"1740",0.5,249,"calib",0,0
"1741",0.5,249,"lasso",0,0
"1742",0.5,249,"logit",0,0
"1743",0.5,249,"bart",0,0
"1744",0.5,250,"none",0,0
"1745",0.5,250,"rake",0,0
"1746",0.5,250,"strat",0,0
"1747",0.5,250,"calib",0,0
"1748",0.5,250,"lasso",0,0
"1749",0.5,250,"logit",0,0
"1750",0.5,250,"bart",0,0
"1751",0.5,251,"none",0,0
"1752",0.5,251,"rake",0,0
"1753",0.5,251,"strat",0,0
"1754",0.5,251,"calib",0,0
"1755",0.5,251,"lasso",0,0
"1756",0.5,251,"logit",0,0
"1757",0.5,251,"bart",0,0
"1758",0.5,252,"none",0,0
"1759",0.5,252,"rake",0,0
"1760",0.5,252,"strat",0,0
"1761",0.5,252,"calib",0,0
"1762",0.5,252,"lasso",0,0
"1763",0.5,252,"logit",0,0
"1764",0.5,252,"bart",0,0
"1765",0.5,253,"none",0,0
"1766",0.5,253,"rake",0,0
"1767",0.5,253,"strat",0,0
"1768",0.5,253,"calib",0,0
"1769",0.5,253,"lasso",0,0
"1770",0.5,253,"logit",0,0
"1771",0.5,253,"bart",0,0
"1772",0.5,254,"none",0,0
"1773",0.5,254,"rake",0,0
"1774",0.5,254,"strat",0,0
"1775",0.5,254,"calib",0,0
"1776",0.5,254,"lasso",0,0
"1777",0.5,254,"logit",0,0
"1778",0.5,254,"bart",0,0
"1779",0.5,255,"none",0,0
"1780",0.5,255,"rake",0,0
"1781",0.5,255,"strat",0,0
"1782",0.5,255,"calib",0,0
"1783",0.5,255,"lasso",0,0
"1784",0.5,255,"logit",0,0
"1785",0.5,255,"bart",0,0
"1786",0.5,256,"none",0,0
"1787",0.5,256,"rake",0,0
"1788",0.5,256,"strat",0,0
"1789",0.5,256,"calib",0,0
"1790",0.5,256,"lasso",0,0
"1791",0.5,256,"logit",0,0
"1792",0.5,256,"bart",0,0
"1793",0.5,257,"none",0,0
"1794",0.5,257,"rake",0,0
"1795",0.5,257,"strat",0,0
"1796",0.5,257,"calib",0,0
"1797",0.5,257,"lasso",0,0
"1798",0.5,257,"logit",0,0
"1799",0.5,257,"bart",0,0
"1800",0.5,258,"none",0,0
"1801",0.5,258,"rake",0,0
"1802",0.5,258,"strat",0,0
"1803",0.5,258,"calib",0,0
"1804",0.5,258,"lasso",0,0
"1805",0.5,258,"logit",0,0
"1806",0.5,258,"bart",0,0
"1807",0.5,259,"none",0,0
"1808",0.5,259,"rake",0,0
"1809",0.5,259,"strat",0,0
"1810",0.5,259,"calib",0,0
"1811",0.5,259,"lasso",0,0
"1812",0.5,259,"logit",0,0
"1813",0.5,259,"bart",0,0
"1814",0.5,260,"none",0,0
"1815",0.5,260,"rake",0,0
"1816",0.5,260,"strat",0,0
"1817",0.5,260,"calib",0,0
"1818",0.5,260,"lasso",0,0
"1819",0.5,260,"logit",0,0
"1820",0.5,260,"bart",0,0
"1821",0.5,261,"none",0,0
"1822",0.5,261,"rake",0,0
"1823",0.5,261,"strat",0,0
"1824",0.5,261,"calib",0,0
"1825",0.5,261,"lasso",0,0
"1826",0.5,261,"logit",0,0
"1827",0.5,261,"bart",0,0
"1828",0.5,262,"none",0,0
"1829",0.5,262,"rake",0,0
"1830",0.5,262,"strat",0,0
"1831",0.5,262,"calib",0,0
"1832",0.5,262,"lasso",0,0
"1833",0.5,262,"logit",0,0
"1834",0.5,262,"bart",0,0
"1835",0.5,263,"none",0,0
"1836",0.5,263,"rake",0,0
"1837",0.5,263,"strat",0,0
"1838",0.5,263,"calib",0,0
"1839",0.5,263,"lasso",0,0
"1840",0.5,263,"logit",0,0
"1841",0.5,263,"bart",0,0
"1842",0.5,264,"none",0,0
"1843",0.5,264,"rake",0,0
"1844",0.5,264,"strat",0,0
"1845",0.5,264,"calib",0,0
"1846",0.5,264,"lasso",0,0
"1847",0.5,264,"logit",0,0
"1848",0.5,264,"bart",0,0
"1849",0.5,265,"none",0,0
"1850",0.5,265,"rake",0,0
"1851",0.5,265,"strat",0,0
"1852",0.5,265,"calib",0,0
"1853",0.5,265,"lasso",0,0
"1854",0.5,265,"logit",0,0
"1855",0.5,265,"bart",0,0
"1856",0.5,266,"none",0,0
"1857",0.5,266,"rake",0,0
"1858",0.5,266,"strat",0,0
"1859",0.5,266,"calib",0,0
"1860",0.5,266,"lasso",0,0
"1861",0.5,266,"logit",0,0
"1862",0.5,266,"bart",0,0
"1863",0.5,267,"none",0,0
"1864",0.5,267,"rake",0,0
"1865",0.5,267,"strat",0,0
"1866",0.5,267,"calib",0,0
"1867",0.5,267,"lasso",0,0
"1868",0.5,267,"logit",0,0
"1869",0.5,267,"bart",0,0
"1870",0.5,268,"none",0,0
"1871",0.5,268,"rake",0,0
"1872",0.5,268,"strat",0,0
"1873",0.5,268,"calib",0,0
"1874",0.5,268,"lasso",0,0
"1875",0.5,268,"logit",0,0
"1876",0.5,268,"bart",0,0
"1877",0.5,269,"none",0,0
"1878",0.5,269,"rake",0,0
"1879",0.5,269,"strat",0,0
"1880",0.5,269,"calib",0,0
"1881",0.5,269,"lasso",0,0
"1882",0.5,269,"logit",0,0
"1883",0.5,269,"bart",0,0
"1884",0.5,270,"none",0,0
"1885",0.5,270,"rake",0,0
"1886",0.5,270,"strat",0,0
"1887",0.5,270,"calib",0,0
"1888",0.5,270,"lasso",0,0
"1889",0.5,270,"logit",0,0
"1890",0.5,270,"bart",0,0
"1891",0.5,271,"none",0,0
"1892",0.5,271,"rake",0,0
"1893",0.5,271,"strat",0,0
"1894",0.5,271,"calib",0,0
"1895",0.5,271,"lasso",0,0
"1896",0.5,271,"logit",0,0
"1897",0.5,271,"bart",0,0
"1898",0.5,272,"none",0,0
"1899",0.5,272,"rake",0,0
"1900",0.5,272,"strat",0,0
"1901",0.5,272,"calib",0,0
"1902",0.5,272,"lasso",0,0
"1903",0.5,272,"logit",0,0
"1904",0.5,272,"bart",0,0
"1905",0.5,273,"none",0,0
"1906",0.5,273,"rake",0,0
"1907",0.5,273,"strat",0,0
"1908",0.5,273,"calib",0,0
"1909",0.5,273,"lasso",0,0
"1910",0.5,273,"logit",0,0
"1911",0.5,273,"bart",0,0
"1912",0.5,274,"none",0,0
"1913",0.5,274,"rake",0,0
"1914",0.5,274,"strat",0,0
"1915",0.5,274,"calib",0,0
"1916",0.5,274,"lasso",0,0
"1917",0.5,274,"logit",0,0
"1918",0.5,274,"bart",0,0
"1919",0.5,275,"none",0,0
"1920",0.5,275,"rake",0,0
"1921",0.5,275,"strat",0,0
"1922",0.5,275,"calib",0,0
"1923",0.5,275,"lasso",0,0
"1924",0.5,275,"logit",0,0
"1925",0.5,275,"bart",0,0
"1926",0.5,276,"none",0,0
"1927",0.5,276,"rake",0,0
"1928",0.5,276,"strat",0,0
"1929",0.5,276,"calib",0,0
"1930",0.5,276,"lasso",0,0
"1931",0.5,276,"logit",0,0
"1932",0.5,276,"bart",0,0
"1933",0.5,277,"none",0,0
"1934",0.5,277,"rake",0,0
"1935",0.5,277,"strat",0,0
"1936",0.5,277,"calib",0,0
"1937",0.5,277,"lasso",0,0
"1938",0.5,277,"logit",0,0
"1939",0.5,277,"bart",0,0
"1940",0.5,278,"none",0,0
"1941",0.5,278,"rake",0,0
"1942",0.5,278,"strat",0,0
"1943",0.5,278,"calib",0,0
"1944",0.5,278,"lasso",0,0
"1945",0.5,278,"logit",0,0
"1946",0.5,278,"bart",0,0
"1947",0.5,279,"none",0,0
"1948",0.5,279,"rake",0,0
"1949",0.5,279,"strat",0,0
"1950",0.5,279,"calib",0,0
"1951",0.5,279,"lasso",0,0
"1952",0.5,279,"logit",0,0
"1953",0.5,279,"bart",0,0
"1954",0.5,280,"none",0,0
"1955",0.5,280,"rake",0,0
"1956",0.5,280,"strat",0,0
"1957",0.5,280,"calib",0,0
"1958",0.5,280,"lasso",0,0
"1959",0.5,280,"logit",0,0
"1960",0.5,280,"bart",0,0
"1961",0.5,281,"none",0,0
"1962",0.5,281,"rake",0,0
"1963",0.5,281,"strat",0,0
"1964",0.5,281,"calib",0,0
"1965",0.5,281,"lasso",0,0
"1966",0.5,281,"logit",0,0
"1967",0.5,281,"bart",0,0
"1968",0.5,282,"none",0,0
"1969",0.5,282,"rake",0,0
"1970",0.5,282,"strat",0,0
"1971",0.5,282,"calib",0,0
"1972",0.5,282,"lasso",0,0
"1973",0.5,282,"logit",0,0
"1974",0.5,282,"bart",0,0
"1975",0.5,283,"none",0,0
"1976",0.5,283,"rake",0,0
"1977",0.5,283,"strat",0,0
"1978",0.5,283,"calib",0,0
"1979",0.5,283,"lasso",0,0
"1980",0.5,283,"logit",0,0
"1981",0.5,283,"bart",0,0
"1982",0.5,284,"none",0,0
"1983",0.5,284,"rake",0,0
"1984",0.5,284,"strat",0,0
"1985",0.5,284,"calib",0,0
"1986",0.5,284,"lasso",0,0
"1987",0.5,284,"logit",0,0
"1988",0.5,284,"bart",0,0
"1989",0.5,285,"none",0,0
"1990",0.5,285,"rake",0,0
"1991",0.5,285,"strat",0,0
"1992",0.5,285,"calib",0,0
"1993",0.5,285,"lasso",0,0
"1994",0.5,285,"logit",0,0
"1995",0.5,285,"bart",0,0
"1996",0.5,286,"none",0,0
"1997",0.5,286,"rake",0,0
"1998",0.5,286,"strat",0,0
"1999",0.5,286,"calib",0,0
"2000",0.5,286,"lasso",0,0
"2001",0.5,286,"logit",0,0
"2002",0.5,286,"bart",0,0
"2003",0.5,287,"none",0,0
"2004",0.5,287,"rake",0,0
"2005",0.5,287,"strat",0,0
"2006",0.5,287,"calib",0,0
"2007",0.5,287,"lasso",0,0
"2008",0.5,287,"logit",0,0
"2009",0.5,287,"bart",0,0
"2010",0.5,288,"none",0,0
"2011",0.5,288,"rake",0,0
"2012",0.5,288,"strat",0,0
"2013",0.5,288,"calib",0,0
"2014",0.5,288,"lasso",0,0
"2015",0.5,288,"logit",0,0
"2016",0.5,288,"bart",0,0
"2017",0.5,289,"none",0,0
"2018",0.5,289,"rake",0,0
"2019",0.5,289,"strat",0,0
"2020",0.5,289,"calib",0,0
"2021",0.5,289,"lasso",0,0
"2022",0.5,289,"logit",0,0
"2023",0.5,289,"bart",0,0
"2024",0.5,290,"none",0,0
"2025",0.5,290,"rake",0,0
"2026",0.5,290,"strat",0,0
"2027",0.5,290,"calib",0,0
"2028",0.5,290,"lasso",0,0
"2029",0.5,290,"logit",0,0
"2030",0.5,290,"bart",0,0
"2031",0.5,291,"none",0,0
"2032",0.5,291,"rake",0,0
"2033",0.5,291,"strat",0,0
"2034",0.5,291,"calib",0,0
"2035",0.5,291,"lasso",0,0
"2036",0.5,291,"logit",0,0
"2037",0.5,291,"bart",0,0
"2038",0.5,292,"none",0,0
"2039",0.5,292,"rake",0,0
"2040",0.5,292,"strat",0,0
"2041",0.5,292,"calib",0,0
"2042",0.5,292,"lasso",0,0
"2043",0.5,292,"logit",0,0
"2044",0.5,292,"bart",0,0
"2045",0.5,293,"none",0,0
"2046",0.5,293,"rake",0,0
"2047",0.5,293,"strat",0,0
"2048",0.5,293,"calib",0,0
"2049",0.5,293,"lasso",0,0
"2050",0.5,293,"logit",0,0
"2051",0.5,293,"bart",0,0
"2052",0.5,294,"none",0,0
"2053",0.5,294,"rake",0,0
"2054",0.5,294,"strat",0,0
"2055",0.5,294,"calib",0,0
"2056",0.5,294,"lasso",0,0
"2057",0.5,294,"logit",0,0
"2058",0.5,294,"bart",0,0
"2059",0.5,295,"none",0,0
"2060",0.5,295,"rake",0,0
"2061",0.5,295,"strat",0,0
"2062",0.5,295,"calib",0,0
"2063",0.5,295,"lasso",0,0
"2064",0.5,295,"logit",0,0
"2065",0.5,295,"bart",0,0
"2066",0.5,296,"none",0,0
"2067",0.5,296,"rake",0,0
"2068",0.5,296,"strat",0,0
"2069",0.5,296,"calib",0,0
"2070",0.5,296,"lasso",0,0
"2071",0.5,296,"logit",0,0
"2072",0.5,296,"bart",0,0
"2073",0.5,297,"none",0,0
"2074",0.5,297,"rake",0,0
"2075",0.5,297,"strat",0,0
"2076",0.5,297,"calib",0,0
"2077",0.5,297,"lasso",0,0
"2078",0.5,297,"logit",0,0
"2079",0.5,297,"bart",0,0
"2080",0.5,298,"none",0,0
"2081",0.5,298,"rake",0,0
"2082",0.5,298,"strat",0,0
"2083",0.5,298,"calib",0,0
"2084",0.5,298,"lasso",0,0
"2085",0.5,298,"logit",0,0
"2086",0.5,298,"bart",0,0
"2087",0.5,299,"none",0,0
"2088",0.5,299,"rake",0,0
"2089",0.5,299,"strat",0,0
"2090",0.5,299,"calib",0,0
"2091",0.5,299,"lasso",0,0
"2092",0.5,299,"logit",0,0
"2093",0.5,299,"bart",0,0
"2094",0.5,300,"none",0,0
"2095",0.5,300,"rake",0,0
"2096",0.5,300,"strat",0,0
"2097",0.5,300,"calib",0,0
"2098",0.5,300,"lasso",0,0
"2099",0.5,300,"logit",0,0
"2100",0.5,300,"bart",0,0
"2101",0.5,301,"none",0,0
"2102",0.5,301,"rake",0,0
"2103",0.5,301,"strat",0,0
"2104",0.5,301,"calib",0,0
"2105",0.5,301,"lasso",0,0
"2106",0.5,301,"logit",0,0
"2107",0.5,301,"bart",0,0
"2108",0.5,302,"none",0,0
"2109",0.5,302,"rake",0,0
"2110",0.5,302,"strat",0,0
"2111",0.5,302,"calib",0,0
"2112",0.5,302,"lasso",0,0
"2113",0.5,302,"logit",0,0
"2114",0.5,302,"bart",0,0
"2115",0.5,303,"none",0,0
"2116",0.5,303,"rake",0,0
"2117",0.5,303,"strat",0,0
"2118",0.5,303,"calib",0,0
"2119",0.5,303,"lasso",0,0
"2120",0.5,303,"logit",0,0
"2121",0.5,303,"bart",0,0
"2122",0.5,304,"none",0,0
"2123",0.5,304,"rake",0,0
"2124",0.5,304,"strat",0,0
"2125",0.5,304,"calib",0,0
"2126",0.5,304,"lasso",0,0
"2127",0.5,304,"logit",0,0
"2128",0.5,304,"bart",0,0
"2129",0.5,305,"none",0,0
"2130",0.5,305,"rake",0,0
"2131",0.5,305,"strat",0,0
"2132",0.5,305,"calib",0,0
"2133",0.5,305,"lasso",0,0
"2134",0.5,305,"logit",0,0
"2135",0.5,305,"bart",0,0
"2136",0.5,306,"none",0,0
"2137",0.5,306,"rake",0,0
"2138",0.5,306,"strat",0,0
"2139",0.5,306,"calib",0,0
"2140",0.5,306,"lasso",0,0
"2141",0.5,306,"logit",0,0
"2142",0.5,306,"bart",0,0
"2143",0.5,307,"none",0,0
"2144",0.5,307,"rake",0,0
"2145",0.5,307,"strat",0,0
"2146",0.5,307,"calib",0,0
"2147",0.5,307,"lasso",0,0
"2148",0.5,307,"logit",0,0
"2149",0.5,307,"bart",0,0
"2150",0.5,308,"none",0,0
"2151",0.5,308,"rake",0,0
"2152",0.5,308,"strat",0,0
"2153",0.5,308,"calib",0,0
"2154",0.5,308,"lasso",0,0
"2155",0.5,308,"logit",0,0
"2156",0.5,308,"bart",0,0
"2157",0.5,309,"none",0,0
"2158",0.5,309,"rake",0,0
"2159",0.5,309,"strat",0,0
"2160",0.5,309,"calib",0,0
"2161",0.5,309,"lasso",0,0
"2162",0.5,309,"logit",0,0
"2163",0.5,309,"bart",0,0
"2164",0.5,310,"none",0,0
"2165",0.5,310,"rake",0,0
"2166",0.5,310,"strat",0,0
"2167",0.5,310,"calib",0,0
"2168",0.5,310,"lasso",0,0
"2169",0.5,310,"logit",0,0
"2170",0.5,310,"bart",0,0
"2171",0.5,311,"none",0,0
"2172",0.5,311,"rake",0,0
"2173",0.5,311,"strat",0,0
"2174",0.5,311,"calib",0,0
"2175",0.5,311,"lasso",0,0
"2176",0.5,311,"logit",0,0
"2177",0.5,311,"bart",0,0
"2178",0.5,312,"none",0,0
"2179",0.5,312,"rake",0,0
"2180",0.5,312,"strat",0,0
"2181",0.5,312,"calib",0,0
"2182",0.5,312,"lasso",0,0
"2183",0.5,312,"logit",0,0
"2184",0.5,312,"bart",0,0
"2185",0.5,313,"none",0,0
"2186",0.5,313,"rake",0,0
"2187",0.5,313,"strat",0,0
"2188",0.5,313,"calib",0,0
"2189",0.5,313,"lasso",0,0
"2190",0.5,313,"logit",0,0
"2191",0.5,313,"bart",0,0
"2192",0.5,314,"none",0,0
"2193",0.5,314,"rake",0,0
"2194",0.5,314,"strat",0,0
"2195",0.5,314,"calib",0,0
"2196",0.5,314,"lasso",0,0
"2197",0.5,314,"logit",0,0
"2198",0.5,314,"bart",0,0
"2199",0.5,315,"none",0,0
"2200",0.5,315,"rake",0,0
"2201",0.5,315,"strat",0,0
"2202",0.5,315,"calib",0,0
"2203",0.5,315,"lasso",0,0
"2204",0.5,315,"logit",0,0
"2205",0.5,315,"bart",0,0
"2206",0.5,316,"none",0,0
"2207",0.5,316,"rake",0,0
"2208",0.5,316,"strat",0,0
"2209",0.5,316,"calib",0,0
"2210",0.5,316,"lasso",0,0
"2211",0.5,316,"logit",0,0
"2212",0.5,316,"bart",0,0
"2213",0.5,317,"none",0,0
"2214",0.5,317,"rake",0,0
"2215",0.5,317,"strat",0,0
"2216",0.5,317,"calib",0,0
"2217",0.5,317,"lasso",0,0
"2218",0.5,317,"logit",0,0
"2219",0.5,317,"bart",0,0
"2220",0.5,318,"none",0,0
"2221",0.5,318,"rake",0,0
"2222",0.5,318,"strat",0,0
"2223",0.5,318,"calib",0,0
"2224",0.5,318,"lasso",0,0
"2225",0.5,318,"logit",0,0
"2226",0.5,318,"bart",0,0
"2227",0.5,319,"none",0,0
"2228",0.5,319,"rake",0,0
"2229",0.5,319,"strat",0,0
"2230",0.5,319,"calib",0,0
"2231",0.5,319,"lasso",0,0
"2232",0.5,319,"logit",0,0
"2233",0.5,319,"bart",0,0
"2234",0.5,320,"none",0,0
"2235",0.5,320,"rake",0,0
"2236",0.5,320,"strat",0,0
"2237",0.5,320,"calib",0,0
"2238",0.5,320,"lasso",0,0
"2239",0.5,320,"logit",0,0
"2240",0.5,320,"bart",0,0
"2241",0.5,321,"none",0,0
"2242",0.5,321,"rake",0,0
"2243",0.5,321,"strat",0,0
"2244",0.5,321,"calib",0,0
"2245",0.5,321,"lasso",0,0
"2246",0.5,321,"logit",0,0
"2247",0.5,321,"bart",0,0
"2248",0.5,322,"none",0,0
"2249",0.5,322,"rake",0,0
"2250",0.5,322,"strat",0,0
"2251",0.5,322,"calib",0,0
"2252",0.5,322,"lasso",0,0
"2253",0.5,322,"logit",0,0
"2254",0.5,322,"bart",0,0
"2255",0.5,323,"none",0,0
"2256",0.5,323,"rake",0,0
"2257",0.5,323,"strat",0,0
"2258",0.5,323,"calib",0,0
"2259",0.5,323,"lasso",0,0
"2260",0.5,323,"logit",0,0
"2261",0.5,323,"bart",0,0
"2262",0.5,324,"none",0,0
"2263",0.5,324,"rake",0,0
"2264",0.5,324,"strat",0,0
"2265",0.5,324,"calib",0,0
"2266",0.5,324,"lasso",0,0
"2267",0.5,324,"logit",0,0
"2268",0.5,324,"bart",0,0
"2269",0.5,325,"none",0,0
"2270",0.5,325,"rake",0,0
"2271",0.5,325,"strat",0,0
"2272",0.5,325,"calib",0,0
"2273",0.5,325,"lasso",0,0
"2274",0.5,325,"logit",0,0
"2275",0.5,325,"bart",0,0
"2276",0.5,326,"none",0,0
"2277",0.5,326,"rake",0,0
"2278",0.5,326,"strat",0,0
"2279",0.5,326,"calib",0,0
"2280",0.5,326,"lasso",0,0
"2281",0.5,326,"logit",0,0
"2282",0.5,326,"bart",0,0
"2283",0.5,327,"none",0,0
"2284",0.5,327,"rake",0,0
"2285",0.5,327,"strat",0,0
"2286",0.5,327,"calib",0,0
"2287",0.5,327,"lasso",0,0
"2288",0.5,327,"logit",0,0
"2289",0.5,327,"bart",0,0
"2290",0.5,328,"none",0,0
"2291",0.5,328,"rake",0,0
"2292",0.5,328,"strat",0,0
"2293",0.5,328,"calib",0,0
"2294",0.5,328,"lasso",0,0
"2295",0.5,328,"logit",0,0
"2296",0.5,328,"bart",0,0
"2297",0.5,329,"none",0,0
"2298",0.5,329,"rake",0,0
"2299",0.5,329,"strat",0,0
"2300",0.5,329,"calib",0,0
"2301",0.5,329,"lasso",0,0
"2302",0.5,329,"logit",0,0
"2303",0.5,329,"bart",0,0
"2304",0.5,330,"none",0,0
"2305",0.5,330,"rake",0,0
"2306",0.5,330,"strat",0,0
"2307",0.5,330,"calib",0,0
"2308",0.5,330,"lasso",0,0
"2309",0.5,330,"logit",0,0
"2310",0.5,330,"bart",0,0
"2311",0.5,331,"none",0,0
"2312",0.5,331,"rake",0,0
"2313",0.5,331,"strat",0,0
"2314",0.5,331,"calib",0,0
"2315",0.5,331,"lasso",0,0
"2316",0.5,331,"logit",0,0
"2317",0.5,331,"bart",0,0
"2318",0.5,332,"none",0,0
"2319",0.5,332,"rake",0,0
"2320",0.5,332,"strat",0,0
"2321",0.5,332,"calib",0,0
"2322",0.5,332,"lasso",0,0
"2323",0.5,332,"logit",0,0
"2324",0.5,332,"bart",0,0
"2325",0.5,333,"none",0,0
"2326",0.5,333,"rake",0,0
"2327",0.5,333,"strat",0,0
"2328",0.5,333,"calib",0,0
"2329",0.5,333,"lasso",0,0
"2330",0.5,333,"logit",0,0
"2331",0.5,333,"bart",0,0
"2332",0.5,334,"none",0,0
"2333",0.5,334,"rake",0,0
"2334",0.5,334,"strat",0,0
"2335",0.5,334,"calib",0,0
"2336",0.5,334,"lasso",0,0
"2337",0.5,334,"logit",0,0
"2338",0.5,334,"bart",0,0
"2339",0.5,335,"none",0,0
"2340",0.5,335,"rake",0,0
"2341",0.5,335,"strat",0,0
"2342",0.5,335,"calib",0,0
"2343",0.5,335,"lasso",0,0
"2344",0.5,335,"logit",0,0
"2345",0.5,335,"bart",0,0
"2346",0.5,336,"none",0,0
"2347",0.5,336,"rake",0,0
"2348",0.5,336,"strat",0,0
"2349",0.5,336,"calib",0,0
"2350",0.5,336,"lasso",0,0
"2351",0.5,336,"logit",0,0
"2352",0.5,336,"bart",0,0
"2353",0.5,337,"none",0,0
"2354",0.5,337,"rake",0,0
"2355",0.5,337,"strat",0,0
"2356",0.5,337,"calib",0,0
"2357",0.5,337,"lasso",0,0
"2358",0.5,337,"logit",0,0
"2359",0.5,337,"bart",0,0
"2360",0.5,338,"none",0,0
"2361",0.5,338,"rake",0,0
"2362",0.5,338,"strat",0,0
"2363",0.5,338,"calib",0,0
"2364",0.5,338,"lasso",0,0
"2365",0.5,338,"logit",0,0
"2366",0.5,338,"bart",0,0
"2367",0.5,339,"none",0,0
"2368",0.5,339,"rake",0,0
"2369",0.5,339,"strat",0,0
"2370",0.5,339,"calib",0,0
"2371",0.5,339,"lasso",0,0
"2372",0.5,339,"logit",0,0
"2373",0.5,339,"bart",0,0
"2374",0.5,340,"none",0,0
"2375",0.5,340,"rake",0,0
"2376",0.5,340,"strat",0,0
"2377",0.5,340,"calib",0,0
"2378",0.5,340,"lasso",0,0
"2379",0.5,340,"logit",0,0
"2380",0.5,340,"bart",0,0
"2381",0.5,341,"none",0,0
"2382",0.5,341,"rake",0,0
"2383",0.5,341,"strat",0,0
"2384",0.5,341,"calib",0,0
"2385",0.5,341,"lasso",0,0
"2386",0.5,341,"logit",0,0
"2387",0.5,341,"bart",0,0
"2388",0.5,342,"none",0,0
"2389",0.5,342,"rake",0,0
"2390",0.5,342,"strat",0,0
"2391",0.5,342,"calib",0,0
"2392",0.5,342,"lasso",0,0
"2393",0.5,342,"logit",0,0
"2394",0.5,342,"bart",0,0
"2395",0.5,343,"none",0,0
"2396",0.5,343,"rake",0,0
"2397",0.5,343,"strat",0,0
"2398",0.5,343,"calib",0,0
"2399",0.5,343,"lasso",0,0
"2400",0.5,343,"logit",0,0
"2401",0.5,343,"bart",0,0
"2402",0.5,344,"none",0,0
"2403",0.5,344,"rake",0,0
"2404",0.5,344,"strat",0,0
"2405",0.5,344,"calib",0,0
"2406",0.5,344,"lasso",0,0
"2407",0.5,344,"logit",0,0
"2408",0.5,344,"bart",0,0
"2409",0.5,345,"none",0,0
"2410",0.5,345,"rake",0,0
"2411",0.5,345,"strat",0,0
"2412",0.5,345,"calib",0,0
"2413",0.5,345,"lasso",0,0
"2414",0.5,345,"logit",0,0
"2415",0.5,345,"bart",0,0
"2416",0.5,346,"none",0,0
"2417",0.5,346,"rake",0,0
"2418",0.5,346,"strat",0,0
"2419",0.5,346,"calib",0,0
"2420",0.5,346,"lasso",0,0
"2421",0.5,346,"logit",0,0
"2422",0.5,346,"bart",0,0
"2423",0.5,347,"none",0,0
"2424",0.5,347,"rake",0,0
"2425",0.5,347,"strat",0,0
"2426",0.5,347,"calib",0,0
"2427",0.5,347,"lasso",0,0
"2428",0.5,347,"logit",0,0
"2429",0.5,347,"bart",0,0
"2430",0.5,348,"none",0,0
"2431",0.5,348,"rake",0,0
"2432",0.5,348,"strat",0,0
"2433",0.5,348,"calib",0,0
"2434",0.5,348,"lasso",0,0
"2435",0.5,348,"logit",0,0
"2436",0.5,348,"bart",0,0
"2437",0.5,349,"none",0,0
"2438",0.5,349,"rake",0,0
"2439",0.5,349,"strat",0,0
"2440",0.5,349,"calib",0,0
"2441",0.5,349,"lasso",0,0
"2442",0.5,349,"logit",0,0
"2443",0.5,349,"bart",0,0
"2444",0.5,350,"none",0,0
"2445",0.5,350,"rake",0,0
"2446",0.5,350,"strat",0,0
"2447",0.5,350,"calib",0,0
"2448",0.5,350,"lasso",0,0
"2449",0.5,350,"logit",0,0
"2450",0.5,350,"bart",0,0
"2451",0.5,351,"none",0,0
"2452",0.5,351,"rake",0,0
"2453",0.5,351,"strat",0,0
"2454",0.5,351,"calib",0,0
"2455",0.5,351,"lasso",0,0
"2456",0.5,351,"logit",0,0
"2457",0.5,351,"bart",0,0
"2458",0.5,352,"none",0,0
"2459",0.5,352,"rake",0,0
"2460",0.5,352,"strat",0,0
"2461",0.5,352,"calib",0,0
"2462",0.5,352,"lasso",0,0
"2463",0.5,352,"logit",0,0
"2464",0.5,352,"bart",0,0
"2465",0.5,353,"none",0,0
"2466",0.5,353,"rake",0,0
"2467",0.5,353,"strat",0,0
"2468",0.5,353,"calib",0,0
"2469",0.5,353,"lasso",0,0
"2470",0.5,353,"logit",0,0
"2471",0.5,353,"bart",0,0
"2472",0.5,354,"none",0,0
"2473",0.5,354,"rake",0,0
"2474",0.5,354,"strat",0,0
"2475",0.5,354,"calib",0,0
"2476",0.5,354,"lasso",0,0
"2477",0.5,354,"logit",0,0
"2478",0.5,354,"bart",0,0
"2479",0.5,355,"none",0,0
"2480",0.5,355,"rake",0,0
"2481",0.5,355,"strat",0,0
"2482",0.5,355,"calib",0,0
"2483",0.5,355,"lasso",0,0
"2484",0.5,355,"logit",0,0
"2485",0.5,355,"bart",0,0
"2486",0.5,356,"none",0,0
"2487",0.5,356,"rake",0,0
"2488",0.5,356,"strat",0,0
"2489",0.5,356,"calib",0,0
"2490",0.5,356,"lasso",0,0
"2491",0.5,356,"logit",0,0
"2492",0.5,356,"bart",0,0
"2493",0.5,357,"none",0,0
"2494",0.5,357,"rake",0,0
"2495",0.5,357,"strat",0,0
"2496",0.5,357,"calib",0,0
"2497",0.5,357,"lasso",0,0
"2498",0.5,357,"logit",0,0
"2499",0.5,357,"bart",0,0
"2500",0.5,358,"none",0,0
"2501",0.5,358,"rake",0,0
"2502",0.5,358,"strat",0,0
"2503",0.5,358,"calib",0,0
"2504",0.5,358,"lasso",0,0
"2505",0.5,358,"logit",0,0
"2506",0.5,358,"bart",0,0
"2507",0.5,359,"none",0,0
"2508",0.5,359,"rake",0,0
"2509",0.5,359,"strat",0,0
"2510",0.5,359,"calib",0,0
"2511",0.5,359,"lasso",0,0
"2512",0.5,359,"logit",0,0
"2513",0.5,359,"bart",0,0
"2514",0.5,360,"none",0,0
"2515",0.5,360,"rake",0,0
"2516",0.5,360,"strat",0,0
"2517",0.5,360,"calib",0,0
"2518",0.5,360,"lasso",0,0
"2519",0.5,360,"logit",0,0
"2520",0.5,360,"bart",0,0
"2521",0.5,361,"none",0,0
"2522",0.5,361,"rake",0,0
"2523",0.5,361,"strat",0,0
"2524",0.5,361,"calib",0,0
"2525",0.5,361,"lasso",0,0
"2526",0.5,361,"logit",0,0
"2527",0.5,361,"bart",0,0
"2528",0.5,362,"none",0,0
"2529",0.5,362,"rake",0,0
"2530",0.5,362,"strat",0,0
"2531",0.5,362,"calib",0,0
"2532",0.5,362,"lasso",0,0
"2533",0.5,362,"logit",0,0
"2534",0.5,362,"bart",0,0
"2535",0.5,363,"none",0,0
"2536",0.5,363,"rake",0,0
"2537",0.5,363,"strat",0,0
"2538",0.5,363,"calib",0,0
"2539",0.5,363,"lasso",0,0
"2540",0.5,363,"logit",0,0
"2541",0.5,363,"bart",0,0
"2542",0.5,364,"none",0,0
"2543",0.5,364,"rake",0,0
"2544",0.5,364,"strat",0,0
"2545",0.5,364,"calib",0,0
"2546",0.5,364,"lasso",0,0
"2547",0.5,364,"logit",0,0
"2548",0.5,364,"bart",0,0
"2549",0.5,365,"none",0,0
"2550",0.5,365,"rake",0,0
"2551",0.5,365,"strat",0,0
"2552",0.5,365,"calib",0,0
"2553",0.5,365,"lasso",0,0
"2554",0.5,365,"logit",0,0
"2555",0.5,365,"bart",0,0
"2556",0.5,366,"none",0,0
"2557",0.5,366,"rake",0,0
"2558",0.5,366,"strat",0,0
"2559",0.5,366,"calib",0,0
"2560",0.5,366,"lasso",0,0
"2561",0.5,366,"logit",0,0
"2562",0.5,366,"bart",0,0
"2563",0.5,367,"none",0,0
"2564",0.5,367,"rake",0,0
"2565",0.5,367,"strat",0,0
"2566",0.5,367,"calib",0,0
"2567",0.5,367,"lasso",0,0
"2568",0.5,367,"logit",0,0
"2569",0.5,367,"bart",0,0
"2570",0.5,368,"none",0,0
"2571",0.5,368,"rake",0,0
"2572",0.5,368,"strat",0,0
"2573",0.5,368,"calib",0,0
"2574",0.5,368,"lasso",0,0
"2575",0.5,368,"logit",0,0
"2576",0.5,368,"bart",0,0
"2577",0.5,369,"none",0,0
"2578",0.5,369,"rake",0,0
"2579",0.5,369,"strat",0,0
"2580",0.5,369,"calib",0,0
"2581",0.5,369,"lasso",0,0
"2582",0.5,369,"logit",0,0
"2583",0.5,369,"bart",0,0
"2584",0.5,370,"none",0,0
"2585",0.5,370,"rake",0,0
"2586",0.5,370,"strat",0,0
"2587",0.5,370,"calib",0,0
"2588",0.5,370,"lasso",0,0
"2589",0.5,370,"logit",0,0
"2590",0.5,370,"bart",0,0
"2591",0.5,371,"none",0,0
"2592",0.5,371,"rake",0,0
"2593",0.5,371,"strat",0,0
"2594",0.5,371,"calib",0,0
"2595",0.5,371,"lasso",0,0
"2596",0.5,371,"logit",0,0
"2597",0.5,371,"bart",0,0
"2598",0.5,372,"none",0,0
"2599",0.5,372,"rake",0,0
"2600",0.5,372,"strat",0,0
"2601",0.5,372,"calib",0,0
"2602",0.5,372,"lasso",0,0
"2603",0.5,372,"logit",0,0
"2604",0.5,372,"bart",0,0
"2605",0.5,373,"none",0,0
"2606",0.5,373,"rake",0,0
"2607",0.5,373,"strat",0,0
"2608",0.5,373,"calib",0,0
"2609",0.5,373,"lasso",0,0
"2610",0.5,373,"logit",0,0
"2611",0.5,373,"bart",0,0
"2612",0.5,374,"none",0,0
"2613",0.5,374,"rake",0,0
"2614",0.5,374,"strat",0,0
"2615",0.5,374,"calib",0,0
"2616",0.5,374,"lasso",0,0
"2617",0.5,374,"logit",0,0
"2618",0.5,374,"bart",0,0
"2619",0.5,375,"none",0,0
"2620",0.5,375,"rake",0,0
"2621",0.5,375,"strat",0,0
"2622",0.5,375,"calib",0,0
"2623",0.5,375,"lasso",0,0
"2624",0.5,375,"logit",0,0
"2625",0.5,375,"bart",0,0
"2626",0.5,376,"none",0,0
"2627",0.5,376,"rake",0,0
"2628",0.5,376,"strat",0,0
"2629",0.5,376,"calib",0,0
"2630",0.5,376,"lasso",0,0
"2631",0.5,376,"logit",0,0
"2632",0.5,376,"bart",0,0
"2633",0.5,377,"none",0,0
"2634",0.5,377,"rake",0,0
"2635",0.5,377,"strat",0,0
"2636",0.5,377,"calib",0,0
"2637",0.5,377,"lasso",0,0
"2638",0.5,377,"logit",0,0
"2639",0.5,377,"bart",0,0
"2640",0.5,378,"none",0,0
"2641",0.5,378,"rake",0,0
"2642",0.5,378,"strat",0,0
"2643",0.5,378,"calib",0,0
"2644",0.5,378,"lasso",0,0
"2645",0.5,378,"logit",0,0
"2646",0.5,378,"bart",0,0
"2647",0.5,379,"none",0,0
"2648",0.5,379,"rake",0,0
"2649",0.5,379,"strat",0,0
"2650",0.5,379,"calib",0,0
"2651",0.5,379,"lasso",0,0
"2652",0.5,379,"logit",0,0
"2653",0.5,379,"bart",0,0
"2654",0.5,380,"none",0,0
"2655",0.5,380,"rake",0,0
"2656",0.5,380,"strat",0,0
"2657",0.5,380,"calib",0,0
"2658",0.5,380,"lasso",0,0
"2659",0.5,380,"logit",0,0
"2660",0.5,380,"bart",0,0
"2661",0.5,381,"none",0,0
"2662",0.5,381,"rake",0,0
"2663",0.5,381,"strat",0,0
"2664",0.5,381,"calib",0,0
"2665",0.5,381,"lasso",0,0
"2666",0.5,381,"logit",0,0
"2667",0.5,381,"bart",0,0
"2668",0.5,382,"none",0,0
"2669",0.5,382,"rake",0,0
"2670",0.5,382,"strat",0,0
"2671",0.5,382,"calib",0,0
"2672",0.5,382,"lasso",0,0
"2673",0.5,382,"logit",0,0
"2674",0.5,382,"bart",0,0
"2675",0.5,383,"none",0,0
"2676",0.5,383,"rake",0,0
"2677",0.5,383,"strat",0,0
"2678",0.5,383,"calib",0,0
"2679",0.5,383,"lasso",0,0
"2680",0.5,383,"logit",0,0
"2681",0.5,383,"bart",0,0
"2682",0.5,384,"none",0,0
"2683",0.5,384,"rake",0,0
"2684",0.5,384,"strat",0,0
"2685",0.5,384,"calib",0,0
"2686",0.5,384,"lasso",0,0
"2687",0.5,384,"logit",0,0
"2688",0.5,384,"bart",0,0
"2689",0.5,385,"none",0,0
"2690",0.5,385,"rake",0,0
"2691",0.5,385,"strat",0,0
"2692",0.5,385,"calib",0,0
"2693",0.5,385,"lasso",0,0
"2694",0.5,385,"logit",0,0
"2695",0.5,385,"bart",0,0
"2696",0.5,386,"none",0,0
"2697",0.5,386,"rake",0,0
"2698",0.5,386,"strat",0,0
"2699",0.5,386,"calib",0,0
"2700",0.5,386,"lasso",0,0
"2701",0.5,386,"logit",0,0
"2702",0.5,386,"bart",0,0
"2703",0.5,387,"none",0,0
"2704",0.5,387,"rake",0,0
"2705",0.5,387,"strat",0,0
"2706",0.5,387,"calib",0,0
"2707",0.5,387,"lasso",0,0
"2708",0.5,387,"logit",0,0
"2709",0.5,387,"bart",0,0
"2710",0.5,388,"none",0,0
"2711",0.5,388,"rake",0,0
"2712",0.5,388,"strat",0,0
"2713",0.5,388,"calib",0,0
"2714",0.5,388,"lasso",0,0
"2715",0.5,388,"logit",0,0
"2716",0.5,388,"bart",0,0
"2717",0.5,389,"none",0,0
"2718",0.5,389,"rake",0,0
"2719",0.5,389,"strat",0,0
"2720",0.5,389,"calib",0,0
"2721",0.5,389,"lasso",0,0
"2722",0.5,389,"logit",0,0
"2723",0.5,389,"bart",0,0
"2724",0.5,390,"none",0,0
"2725",0.5,390,"rake",0,0
"2726",0.5,390,"strat",0,0
"2727",0.5,390,"calib",0,0
"2728",0.5,390,"lasso",0,0
"2729",0.5,390,"logit",0,0
"2730",0.5,390,"bart",0,0
"2731",0.5,391,"none",0,0
"2732",0.5,391,"rake",0,0
"2733",0.5,391,"strat",0,0
"2734",0.5,391,"calib",0,0
"2735",0.5,391,"lasso",0,0
"2736",0.5,391,"logit",0,0
"2737",0.5,391,"bart",0,0
"2738",0.5,392,"none",0,0
"2739",0.5,392,"rake",0,0
"2740",0.5,392,"strat",0,0
"2741",0.5,392,"calib",0,0
"2742",0.5,392,"lasso",0,0
"2743",0.5,392,"logit",0,0
"2744",0.5,392,"bart",0,0
"2745",0.5,393,"none",0,0
"2746",0.5,393,"rake",0,0
"2747",0.5,393,"strat",0,0
"2748",0.5,393,"calib",0,0
"2749",0.5,393,"lasso",0,0
"2750",0.5,393,"logit",0,0
"2751",0.5,393,"bart",0,0
"2752",0.5,394,"none",0,0
"2753",0.5,394,"rake",0,0
"2754",0.5,394,"strat",0,0
"2755",0.5,394,"calib",0,0
"2756",0.5,394,"lasso",0,0
"2757",0.5,394,"logit",0,0
"2758",0.5,394,"bart",0,0
"2759",0.5,395,"none",0,0
"2760",0.5,395,"rake",0,0
"2761",0.5,395,"strat",0,0
"2762",0.5,395,"calib",0,0
"2763",0.5,395,"lasso",0,0
"2764",0.5,395,"logit",0,0
"2765",0.5,395,"bart",0,0
"2766",0.5,396,"none",0,0
"2767",0.5,396,"rake",0,0
"2768",0.5,396,"strat",0,0
"2769",0.5,396,"calib",0,0
"2770",0.5,396,"lasso",0,0
"2771",0.5,396,"logit",0,0
"2772",0.5,396,"bart",0,0
"2773",0.5,397,"none",0,0
"2774",0.5,397,"rake",0,0
"2775",0.5,397,"strat",0,0
"2776",0.5,397,"calib",0,8.97249578439948e-311
"2777",0.5,397,"lasso",0,0
"2778",0.5,397,"logit",0,0
"2779",0.5,397,"bart",0,0
"2780",0.5,398,"none",0,0
"2781",0.5,398,"rake",0,0
"2782",0.5,398,"strat",0,0
"2783",0.5,398,"calib",0,0
"2784",0.5,398,"lasso",0,0
"2785",0.5,398,"logit",0,0
"2786",0.5,398,"bart",0,0
"2787",0.5,399,"none",0,0
"2788",0.5,399,"rake",0,0
"2789",0.5,399,"strat",0,0
"2790",0.5,399,"calib",0,0
"2791",0.5,399,"lasso",0,0
"2792",0.5,399,"logit",0,0
"2793",0.5,399,"bart",0,0
"2794",0.5,400,"none",0,0
"2795",0.5,400,"rake",0,0
"2796",0.5,400,"strat",0,0
"2797",0.5,400,"calib",0,0
"2798",0.5,400,"lasso",0,0
"2799",0.5,400,"logit",0,0
"2800",0.5,400,"bart",0,0
"2801",0.5,401,"none",0,0
"2802",0.5,401,"rake",0,0
"2803",0.5,401,"strat",0,0
"2804",0.5,401,"calib",0,0
"2805",0.5,401,"lasso",0,0
"2806",0.5,401,"logit",0,0
"2807",0.5,401,"bart",0,0
"2808",0.5,402,"none",0,0
"2809",0.5,402,"rake",0,0
"2810",0.5,402,"strat",0,0
"2811",0.5,402,"calib",0,0
"2812",0.5,402,"lasso",0,0
"2813",0.5,402,"logit",0,0
"2814",0.5,402,"bart",0,0
"2815",0.5,403,"none",0,0
"2816",0.5,403,"rake",0,0
"2817",0.5,403,"strat",0,0
"2818",0.5,403,"calib",0,0
"2819",0.5,403,"lasso",0,0
"2820",0.5,403,"logit",0,0
"2821",0.5,403,"bart",0,0
"2822",0.5,404,"none",0,0
"2823",0.5,404,"rake",0,0
"2824",0.5,404,"strat",0,0
"2825",0.5,404,"calib",0,0
"2826",0.5,404,"lasso",0,0
"2827",0.5,404,"logit",0,0
"2828",0.5,404,"bart",0,0
"2829",0.5,405,"none",0,0
"2830",0.5,405,"rake",0,0
"2831",0.5,405,"strat",0,0
"2832",0.5,405,"calib",0,0
"2833",0.5,405,"lasso",0,0
"2834",0.5,405,"logit",0,0
"2835",0.5,405,"bart",0,0
"2836",0.5,406,"none",0,0
"2837",0.5,406,"rake",0,0
"2838",0.5,406,"strat",0,0
"2839",0.5,406,"calib",0,0
"2840",0.5,406,"lasso",0,0
"2841",0.5,406,"logit",0,0
"2842",0.5,406,"bart",0,0
"2843",0.5,407,"none",0,0
"2844",0.5,407,"rake",0,0
"2845",0.5,407,"strat",0,0
"2846",0.5,407,"calib",0,0
"2847",0.5,407,"lasso",0,0
"2848",0.5,407,"logit",0,0
"2849",0.5,407,"bart",0,0
"2850",0.5,408,"none",0,0
"2851",0.5,408,"rake",0,0
"2852",0.5,408,"strat",0,0
"2853",0.5,408,"calib",0,0
"2854",0.5,408,"lasso",0,0
"2855",0.5,408,"logit",0,0
"2856",0.5,408,"bart",0,0
"2857",0.5,409,"none",0,0
"2858",0.5,409,"rake",0,0
"2859",0.5,409,"strat",0,0
"2860",0.5,409,"calib",0,0
"2861",0.5,409,"lasso",0,0
"2862",0.5,409,"logit",0,0
"2863",0.5,409,"bart",0,0
"2864",0.5,410,"none",0,0
"2865",0.5,410,"rake",0,0
"2866",0.5,410,"strat",0,0
"2867",0.5,410,"calib",0,0
"2868",0.5,410,"lasso",0,0
"2869",0.5,410,"logit",0,0
"2870",0.5,410,"bart",0,0
"2871",0.5,411,"none",0,0
"2872",0.5,411,"rake",0,0
"2873",0.5,411,"strat",0,0
"2874",0.5,411,"calib",0,0
"2875",0.5,411,"lasso",0,0
"2876",0.5,411,"logit",0,0
"2877",0.5,411,"bart",0,0
"2878",0.5,412,"none",0,0
"2879",0.5,412,"rake",0,0
"2880",0.5,412,"strat",0,0
"2881",0.5,412,"calib",0,0
"2882",0.5,412,"lasso",0,0
"2883",0.5,412,"logit",0,0
"2884",0.5,412,"bart",0,0
"2885",0.5,413,"none",0,0
"2886",0.5,413,"rake",0,0
"2887",0.5,413,"strat",0,0
"2888",0.5,413,"calib",0,0
"2889",0.5,413,"lasso",0,0
"2890",0.5,413,"logit",0,0
"2891",0.5,413,"bart",0,0
"2892",0.5,414,"none",0,0
"2893",0.5,414,"rake",0,0
"2894",0.5,414,"strat",0,0
"2895",0.5,414,"calib",0,0
"2896",0.5,414,"lasso",0,0
"2897",0.5,414,"logit",0,0
"2898",0.5,414,"bart",0,0
"2899",0.5,415,"none",0,0
"2900",0.5,415,"rake",0,0
"2901",0.5,415,"strat",0,0
"2902",0.5,415,"calib",0,0
"2903",0.5,415,"lasso",0,0
"2904",0.5,415,"logit",0,0
"2905",0.5,415,"bart",0,0
"2906",0.5,416,"none",0,0
"2907",0.5,416,"rake",0,0
"2908",0.5,416,"strat",0,0
"2909",0.5,416,"calib",0,0
"2910",0.5,416,"lasso",0,0
"2911",0.5,416,"logit",0,0
"2912",0.5,416,"bart",0,0
"2913",0.5,417,"none",0,0
"2914",0.5,417,"rake",0,0
"2915",0.5,417,"strat",0,0
"2916",0.5,417,"calib",0,0
"2917",0.5,417,"lasso",0,0
"2918",0.5,417,"logit",0,0
"2919",0.5,417,"bart",0,0
"2920",0.5,418,"none",0,0
"2921",0.5,418,"rake",0,0
"2922",0.5,418,"strat",0,0
"2923",0.5,418,"calib",0,0
"2924",0.5,418,"lasso",0,0
"2925",0.5,418,"logit",0,0
"2926",0.5,418,"bart",0,0
"2927",0.5,419,"none",0,0
"2928",0.5,419,"rake",0,0
"2929",0.5,419,"strat",0,0
"2930",0.5,419,"calib",0,0
"2931",0.5,419,"lasso",0,0
"2932",0.5,419,"logit",0,0
"2933",0.5,419,"bart",0,0
"2934",0.5,420,"none",0,0
"2935",0.5,420,"rake",0,0
"2936",0.5,420,"strat",0,0
"2937",0.5,420,"calib",0,0
"2938",0.5,420,"lasso",0,0
"2939",0.5,420,"logit",0,0
"2940",0.5,420,"bart",0,0
"2941",0.5,421,"none",0,0
"2942",0.5,421,"rake",0,0
"2943",0.5,421,"strat",0,0
"2944",0.5,421,"calib",0,0
"2945",0.5,421,"lasso",0,0
"2946",0.5,421,"logit",0,0
"2947",0.5,421,"bart",0,0
"2948",0.5,422,"none",0,0
"2949",0.5,422,"rake",0,0
"2950",0.5,422,"strat",0,0
"2951",0.5,422,"calib",0,0
"2952",0.5,422,"lasso",0,0
"2953",0.5,422,"logit",0,0
"2954",0.5,422,"bart",0,0
"2955",0.5,423,"none",0,0
"2956",0.5,423,"rake",0,0
"2957",0.5,423,"strat",0,0
"2958",0.5,423,"calib",0,0
"2959",0.5,423,"lasso",0,0
"2960",0.5,423,"logit",0,0
"2961",0.5,423,"bart",0,0
"2962",0.5,424,"none",0,0
"2963",0.5,424,"rake",0,0
"2964",0.5,424,"strat",0,0
"2965",0.5,424,"calib",0,0
"2966",0.5,424,"lasso",0,0
"2967",0.5,424,"logit",0,0
"2968",0.5,424,"bart",0,0
"2969",0.5,425,"none",0,0
"2970",0.5,425,"rake",0,0
"2971",0.5,425,"strat",0,0
"2972",0.5,425,"calib",0,0
"2973",0.5,425,"lasso",0,0
"2974",0.5,425,"logit",0,0
"2975",0.5,425,"bart",0,0
"2976",0.5,426,"none",0,0
"2977",0.5,426,"rake",0,0
"2978",0.5,426,"strat",0,0
"2979",0.5,426,"calib",0,0
"2980",0.5,426,"lasso",0,0
"2981",0.5,426,"logit",0,0
"2982",0.5,426,"bart",0,0
"2983",0.5,427,"none",0,0
"2984",0.5,427,"rake",0,0
"2985",0.5,427,"strat",0,0
"2986",0.5,427,"calib",0,0
"2987",0.5,427,"lasso",0,0
"2988",0.5,427,"logit",0,0
"2989",0.5,427,"bart",0,0
"2990",0.5,428,"none",0,0
"2991",0.5,428,"rake",0,0
"2992",0.5,428,"strat",0,0
"2993",0.5,428,"calib",0,0
"2994",0.5,428,"lasso",0,0
"2995",0.5,428,"logit",0,0
"2996",0.5,428,"bart",0,0
"2997",0.5,429,"none",0,0
"2998",0.5,429,"rake",0,0
"2999",0.5,429,"strat",0,0
"3000",0.5,429,"calib",0,0
"3001",0.5,429,"lasso",0,0
"3002",0.5,429,"logit",0,0
"3003",0.5,429,"bart",0,0
"3004",0.5,430,"none",0,0
"3005",0.5,430,"rake",0,0
"3006",0.5,430,"strat",0,0
"3007",0.5,430,"calib",0,0
"3008",0.5,430,"lasso",0,0
"3009",0.5,430,"logit",0,0
"3010",0.5,430,"bart",0,0
"3011",0.5,431,"none",0,0
"3012",0.5,431,"rake",0,0
"3013",0.5,431,"strat",0,0
"3014",0.5,431,"calib",0,0
"3015",0.5,431,"lasso",0,0
"3016",0.5,431,"logit",0,0
"3017",0.5,431,"bart",0,0
"3018",0.5,432,"none",0,0
"3019",0.5,432,"rake",0,0
"3020",0.5,432,"strat",0,0
"3021",0.5,432,"calib",0,0
"3022",0.5,432,"lasso",0,0
"3023",0.5,432,"logit",0,0
"3024",0.5,432,"bart",0,0
"3025",0.5,433,"none",0,0
"3026",0.5,433,"rake",0,0
"3027",0.5,433,"strat",0,0
"3028",0.5,433,"calib",0,0
"3029",0.5,433,"lasso",0,0
"3030",0.5,433,"logit",0,0
"3031",0.5,433,"bart",0,0
"3032",0.5,434,"none",0,0
"3033",0.5,434,"rake",0,0
"3034",0.5,434,"strat",0,0
"3035",0.5,434,"calib",0,0
"3036",0.5,434,"lasso",0,0
"3037",0.5,434,"logit",0,0
"3038",0.5,434,"bart",0,0
"3039",0.5,435,"none",0,0
"3040",0.5,435,"rake",0,0
"3041",0.5,435,"strat",0,0
"3042",0.5,435,"calib",0,0
"3043",0.5,435,"lasso",0,0
"3044",0.5,435,"logit",0,0
"3045",0.5,435,"bart",0,0
"3046",0.5,436,"none",0,0
"3047",0.5,436,"rake",0,0
"3048",0.5,436,"strat",0,0
"3049",0.5,436,"calib",0,0
"3050",0.5,436,"lasso",0,0
"3051",0.5,436,"logit",0,0
"3052",0.5,436,"bart",0,0
"3053",0.5,437,"none",0,0
"3054",0.5,437,"rake",0,0
"3055",0.5,437,"strat",0,0
"3056",0.5,437,"calib",0,0
"3057",0.5,437,"lasso",0,0
"3058",0.5,437,"logit",0,0
"3059",0.5,437,"bart",0,0
"3060",0.5,438,"none",0,0
"3061",0.5,438,"rake",0,0
"3062",0.5,438,"strat",0,0
"3063",0.5,438,"calib",0,0
"3064",0.5,438,"lasso",0,0
"3065",0.5,438,"logit",0,0
"3066",0.5,438,"bart",0,0
"3067",0.5,439,"none",0,0
"3068",0.5,439,"rake",0,0
"3069",0.5,439,"strat",0,0
"3070",0.5,439,"calib",0,0
"3071",0.5,439,"lasso",0,0
"3072",0.5,439,"logit",0,0
"3073",0.5,439,"bart",0,0
"3074",0.5,440,"none",0,0
"3075",0.5,440,"rake",0,0
"3076",0.5,440,"strat",0,0
"3077",0.5,440,"calib",0,0
"3078",0.5,440,"lasso",0,0
"3079",0.5,440,"logit",0,0
"3080",0.5,440,"bart",0,0
"3081",0.5,441,"none",0,0
"3082",0.5,441,"rake",0,0
"3083",0.5,441,"strat",0,4.89997887794658e-295
"3084",0.5,441,"calib",0,0
"3085",0.5,441,"lasso",0,0
"3086",0.5,441,"logit",0,0
"3087",0.5,441,"bart",0,0
"3088",0.5,442,"none",0,0
"3089",0.5,442,"rake",0,0
"3090",0.5,442,"strat",0,0
"3091",0.5,442,"calib",0,0
"3092",0.5,442,"lasso",0,0
"3093",0.5,442,"logit",0,0
"3094",0.5,442,"bart",0,0
"3095",0.5,443,"none",0,0
"3096",0.5,443,"rake",0,0
"3097",0.5,443,"strat",0,0
"3098",0.5,443,"calib",0,0
"3099",0.5,443,"lasso",0,0
"3100",0.5,443,"logit",0,0
"3101",0.5,443,"bart",0,0
"3102",0.5,444,"none",0,0
"3103",0.5,444,"rake",0,0
"3104",0.5,444,"strat",0,0
"3105",0.5,444,"calib",0,0
"3106",0.5,444,"lasso",0,0
"3107",0.5,444,"logit",0,0
"3108",0.5,444,"bart",0,0
"3109",0.5,445,"none",0,0
"3110",0.5,445,"rake",0,0
"3111",0.5,445,"strat",0,0
"3112",0.5,445,"calib",0,0
"3113",0.5,445,"lasso",0,0
"3114",0.5,445,"logit",0,0
"3115",0.5,445,"bart",0,0
"3116",0.5,446,"none",0,0
"3117",0.5,446,"rake",0,0
"3118",0.5,446,"strat",0,0
"3119",0.5,446,"calib",0,0
"3120",0.5,446,"lasso",0,0
"3121",0.5,446,"logit",0,0
"3122",0.5,446,"bart",0,0
"3123",0.5,447,"none",0,0
"3124",0.5,447,"rake",0,0
"3125",0.5,447,"strat",0,0
"3126",0.5,447,"calib",0,0
"3127",0.5,447,"lasso",0,0
"3128",0.5,447,"logit",0,0
"3129",0.5,447,"bart",0,0
"3130",0.5,448,"none",0,0
"3131",0.5,448,"rake",0,0
"3132",0.5,448,"strat",0,0
"3133",0.5,448,"calib",0,0
"3134",0.5,448,"lasso",0,0
"3135",0.5,448,"logit",0,0
"3136",0.5,448,"bart",0,0
"3137",0.5,449,"none",0,0
"3138",0.5,449,"rake",0,0
"3139",0.5,449,"strat",0,0
"3140",0.5,449,"calib",0,0
"3141",0.5,449,"lasso",0,0
"3142",0.5,449,"logit",0,0
"3143",0.5,449,"bart",0,0
"3144",0.5,450,"none",0,0
"3145",0.5,450,"rake",0,0
"3146",0.5,450,"strat",0,0
"3147",0.5,450,"calib",0,0
"3148",0.5,450,"lasso",0,0
"3149",0.5,450,"logit",0,0
"3150",0.5,450,"bart",0,0
"3151",0.5,451,"none",0,0
"3152",0.5,451,"rake",0,0
"3153",0.5,451,"strat",0,0
"3154",0.5,451,"calib",0,0
"3155",0.5,451,"lasso",0,0
"3156",0.5,451,"logit",0,0
"3157",0.5,451,"bart",0,0
"3158",0.5,452,"none",0,0
"3159",0.5,452,"rake",0,0
"3160",0.5,452,"strat",0,0
"3161",0.5,452,"calib",0,0
"3162",0.5,452,"lasso",0,0
"3163",0.5,452,"logit",0,0
"3164",0.5,452,"bart",0,0
"3165",0.5,453,"none",0,0
"3166",0.5,453,"rake",0,0
"3167",0.5,453,"strat",0,0
"3168",0.5,453,"calib",0,0
"3169",0.5,453,"lasso",0,0
"3170",0.5,453,"logit",0,0
"3171",0.5,453,"bart",0,0
"3172",0.5,454,"none",0,0
"3173",0.5,454,"rake",0,0
"3174",0.5,454,"strat",0,0
"3175",0.5,454,"calib",0,0
"3176",0.5,454,"lasso",0,0
"3177",0.5,454,"logit",0,0
"3178",0.5,454,"bart",0,0
"3179",0.5,455,"none",0,0
"3180",0.5,455,"rake",0,0
"3181",0.5,455,"strat",0,0
"3182",0.5,455,"calib",0,0
"3183",0.5,455,"lasso",0,0
"3184",0.5,455,"logit",0,0
"3185",0.5,455,"bart",0,0
"3186",0.5,456,"none",0,0
"3187",0.5,456,"rake",0,0
"3188",0.5,456,"strat",0,0
"3189",0.5,456,"calib",0,0
"3190",0.5,456,"lasso",0,0
"3191",0.5,456,"logit",0,0
"3192",0.5,456,"bart",0,0
"3193",0.5,457,"none",0,0
"3194",0.5,457,"rake",0,0
"3195",0.5,457,"strat",0,0
"3196",0.5,457,"calib",0,0
"3197",0.5,457,"lasso",0,0
"3198",0.5,457,"logit",0,0
"3199",0.5,457,"bart",0,0
"3200",0.5,458,"none",0,0
"3201",0.5,458,"rake",0,0
"3202",0.5,458,"strat",0,0
"3203",0.5,458,"calib",0,0
"3204",0.5,458,"lasso",0,0
"3205",0.5,458,"logit",0,0
"3206",0.5,458,"bart",0,0
"3207",0.5,459,"none",0,0
"3208",0.5,459,"rake",0,0
"3209",0.5,459,"strat",0,0
"3210",0.5,459,"calib",0,0
"3211",0.5,459,"lasso",0,0
"3212",0.5,459,"logit",0,0
"3213",0.5,459,"bart",0,0
"3214",0.5,460,"none",0,0
"3215",0.5,460,"rake",0,0
"3216",0.5,460,"strat",0,0
"3217",0.5,460,"calib",0,0
"3218",0.5,460,"lasso",0,0
"3219",0.5,460,"logit",0,0
"3220",0.5,460,"bart",0,0
"3221",0.5,461,"none",0,0
"3222",0.5,461,"rake",0,0
"3223",0.5,461,"strat",0,0
"3224",0.5,461,"calib",0,0
"3225",0.5,461,"lasso",0,0
"3226",0.5,461,"logit",0,0
"3227",0.5,461,"bart",0,0
"3228",0.5,462,"none",0,0
"3229",0.5,462,"rake",0,0
"3230",0.5,462,"strat",0,0
"3231",0.5,462,"calib",0,0
"3232",0.5,462,"lasso",0,0
"3233",0.5,462,"logit",0,0
"3234",0.5,462,"bart",0,0
"3235",0.5,463,"none",0,0
"3236",0.5,463,"rake",0,0
"3237",0.5,463,"strat",0,0
"3238",0.5,463,"calib",0,0
"3239",0.5,463,"lasso",0,0
"3240",0.5,463,"logit",0,0
"3241",0.5,463,"bart",0,0
"3242",0.5,464,"none",0,0
"3243",0.5,464,"rake",0,0
"3244",0.5,464,"strat",0,0
"3245",0.5,464,"calib",0,0
"3246",0.5,464,"lasso",0,0
"3247",0.5,464,"logit",0,0
"3248",0.5,464,"bart",0,0
"3249",0.5,465,"none",0,0
"3250",0.5,465,"rake",0,0
"3251",0.5,465,"strat",0,0
"3252",0.5,465,"calib",0,0
"3253",0.5,465,"lasso",0,0
"3254",0.5,465,"logit",0,0
"3255",0.5,465,"bart",0,0
"3256",0.5,466,"none",0,0
"3257",0.5,466,"rake",0,0
"3258",0.5,466,"strat",0,0
"3259",0.5,466,"calib",0,0
"3260",0.5,466,"lasso",0,0
"3261",0.5,466,"logit",0,0
"3262",0.5,466,"bart",0,0
"3263",0.5,467,"none",0,0
"3264",0.5,467,"rake",0,0
"3265",0.5,467,"strat",0,0
"3266",0.5,467,"calib",0,0
"3267",0.5,467,"lasso",0,0
"3268",0.5,467,"logit",0,0
"3269",0.5,467,"bart",0,0
"3270",0.5,468,"none",0,0
"3271",0.5,468,"rake",0,0
"3272",0.5,468,"strat",0,0
"3273",0.5,468,"calib",0,0
"3274",0.5,468,"lasso",0,0
"3275",0.5,468,"logit",0,0
"3276",0.5,468,"bart",0,0
"3277",0.5,469,"none",0,0
"3278",0.5,469,"rake",0,0
"3279",0.5,469,"strat",0,0
"3280",0.5,469,"calib",0,0
"3281",0.5,469,"lasso",0,0
"3282",0.5,469,"logit",0,0
"3283",0.5,469,"bart",0,0
"3284",0.5,470,"none",0,0
"3285",0.5,470,"rake",0,0
"3286",0.5,470,"strat",0,0
"3287",0.5,470,"calib",0,0
"3288",0.5,470,"lasso",0,0
"3289",0.5,470,"logit",0,0
"3290",0.5,470,"bart",0,0
"3291",0.5,471,"none",0,0
"3292",0.5,471,"rake",0,0
"3293",0.5,471,"strat",0,0
"3294",0.5,471,"calib",0,0
"3295",0.5,471,"lasso",0,0
"3296",0.5,471,"logit",0,0
"3297",0.5,471,"bart",0,0
"3298",0.5,472,"none",0,0
"3299",0.5,472,"rake",0,0
"3300",0.5,472,"strat",0,0
"3301",0.5,472,"calib",0,0
"3302",0.5,472,"lasso",0,0
"3303",0.5,472,"logit",0,0
"3304",0.5,472,"bart",0,0
"3305",0.5,473,"none",0,0
"3306",0.5,473,"rake",0,0
"3307",0.5,473,"strat",0,0
"3308",0.5,473,"calib",0,0
"3309",0.5,473,"lasso",0,0
"3310",0.5,473,"logit",0,0
"3311",0.5,473,"bart",0,0
"3312",0.5,474,"none",0,0
"3313",0.5,474,"rake",0,0
"3314",0.5,474,"strat",0,0
"3315",0.5,474,"calib",0,0
"3316",0.5,474,"lasso",0,0
"3317",0.5,474,"logit",0,0
"3318",0.5,474,"bart",0,0
"3319",0.5,475,"none",0,0
"3320",0.5,475,"rake",0,0
"3321",0.5,475,"strat",0,0
"3322",0.5,475,"calib",0,0
"3323",0.5,475,"lasso",0,0
"3324",0.5,475,"logit",0,0
"3325",0.5,475,"bart",0,0
"3326",0.5,476,"none",0,0
"3327",0.5,476,"rake",0,0
"3328",0.5,476,"strat",0,0
"3329",0.5,476,"calib",0,0
"3330",0.5,476,"lasso",0,0
"3331",0.5,476,"logit",0,0
"3332",0.5,476,"bart",0,0
"3333",0.5,477,"none",0,0
"3334",0.5,477,"rake",0,0
"3335",0.5,477,"strat",0,0
"3336",0.5,477,"calib",0,0
"3337",0.5,477,"lasso",0,0
"3338",0.5,477,"logit",0,0
"3339",0.5,477,"bart",0,0
"3340",0.5,478,"none",0,0
"3341",0.5,478,"rake",0,0
"3342",0.5,478,"strat",0,0
"3343",0.5,478,"calib",0,0
"3344",0.5,478,"lasso",0,0
"3345",0.5,478,"logit",0,0
"3346",0.5,478,"bart",0,0
"3347",0.5,479,"none",0,0
"3348",0.5,479,"rake",0,0
"3349",0.5,479,"strat",0,0
"3350",0.5,479,"calib",0,0
"3351",0.5,479,"lasso",0,0
"3352",0.5,479,"logit",0,0
"3353",0.5,479,"bart",0,0
"3354",0.5,480,"none",0,0
"3355",0.5,480,"rake",0,0
"3356",0.5,480,"strat",0,0
"3357",0.5,480,"calib",0,0
"3358",0.5,480,"lasso",0,0
"3359",0.5,480,"logit",0,0
"3360",0.5,480,"bart",0,0
"3361",0.5,481,"none",0,0
"3362",0.5,481,"rake",0,0
"3363",0.5,481,"strat",0,0
"3364",0.5,481,"calib",0,0
"3365",0.5,481,"lasso",0,0
"3366",0.5,481,"logit",0,0
"3367",0.5,481,"bart",0,0
"3368",0.5,482,"none",0,0
"3369",0.5,482,"rake",0,0
"3370",0.5,482,"strat",0,0
"3371",0.5,482,"calib",0,0
"3372",0.5,482,"lasso",0,0
"3373",0.5,482,"logit",0,0
"3374",0.5,482,"bart",0,0
"3375",0.5,483,"none",0,0
"3376",0.5,483,"rake",0,0
"3377",0.5,483,"strat",0,0
"3378",0.5,483,"calib",0,0
"3379",0.5,483,"lasso",0,0
"3380",0.5,483,"logit",0,0
"3381",0.5,483,"bart",0,0
"3382",0.5,484,"none",0,0
"3383",0.5,484,"rake",0,0
"3384",0.5,484,"strat",0,0
"3385",0.5,484,"calib",0,0
"3386",0.5,484,"lasso",0,0
"3387",0.5,484,"logit",0,0
"3388",0.5,484,"bart",0,0
"3389",0.5,485,"none",0,0
"3390",0.5,485,"rake",0,0
"3391",0.5,485,"strat",0,0
"3392",0.5,485,"calib",0,0
"3393",0.5,485,"lasso",0,0
"3394",0.5,485,"logit",0,0
"3395",0.5,485,"bart",0,0
"3396",0.5,486,"none",0,0
"3397",0.5,486,"rake",0,0
"3398",0.5,486,"strat",0,0
"3399",0.5,486,"calib",0,0
"3400",0.5,486,"lasso",0,0
"3401",0.5,486,"logit",0,0
"3402",0.5,486,"bart",0,0
"3403",0.5,487,"none",0,0
"3404",0.5,487,"rake",0,0
"3405",0.5,487,"strat",0,0
"3406",0.5,487,"calib",0,0
"3407",0.5,487,"lasso",0,0
"3408",0.5,487,"logit",0,0
"3409",0.5,487,"bart",0,0
"3410",0.5,488,"none",0,0
"3411",0.5,488,"rake",0,0
"3412",0.5,488,"strat",0,0
"3413",0.5,488,"calib",0,0
"3414",0.5,488,"lasso",0,0
"3415",0.5,488,"logit",0,0
"3416",0.5,488,"bart",0,0
"3417",0.5,489,"none",0,0
"3418",0.5,489,"rake",0,0
"3419",0.5,489,"strat",0,0
"3420",0.5,489,"calib",0,0
"3421",0.5,489,"lasso",0,0
"3422",0.5,489,"logit",0,0
"3423",0.5,489,"bart",0,0
"3424",0.5,490,"none",0,0
"3425",0.5,490,"rake",0,0
"3426",0.5,490,"strat",0,0
"3427",0.5,490,"calib",0,0
"3428",0.5,490,"lasso",0,0
"3429",0.5,490,"logit",0,0
"3430",0.5,490,"bart",0,0
"3431",0.5,491,"none",0,0
"3432",0.5,491,"rake",0,0
"3433",0.5,491,"strat",0,0
"3434",0.5,491,"calib",0,0
"3435",0.5,491,"lasso",0,0
"3436",0.5,491,"logit",0,0
"3437",0.5,491,"bart",0,0
"3438",0.5,492,"none",0,0
"3439",0.5,492,"rake",0,0
"3440",0.5,492,"strat",0,0
"3441",0.5,492,"calib",0,0
"3442",0.5,492,"lasso",0,0
"3443",0.5,492,"logit",0,0
"3444",0.5,492,"bart",0,0
"3445",0.5,493,"none",0,0
"3446",0.5,493,"rake",0,0
"3447",0.5,493,"strat",0,0
"3448",0.5,493,"calib",0,0
"3449",0.5,493,"lasso",0,0
"3450",0.5,493,"logit",0,0
"3451",0.5,493,"bart",0,0
"3452",0.5,494,"none",0,0
"3453",0.5,494,"rake",0,0
"3454",0.5,494,"strat",0,0
"3455",0.5,494,"calib",0,0
"3456",0.5,494,"lasso",0,0
"3457",0.5,494,"logit",0,0
"3458",0.5,494,"bart",0,0
"3459",0.5,495,"none",0,0
"3460",0.5,495,"rake",0,0
"3461",0.5,495,"strat",0,0
"3462",0.5,495,"calib",0,0
"3463",0.5,495,"lasso",0,0
"3464",0.5,495,"logit",0,0
"3465",0.5,495,"bart",0,0
"3466",0.5,496,"none",0,0
"3467",0.5,496,"rake",0,0
"3468",0.5,496,"strat",0,0
"3469",0.5,496,"calib",0,0
"3470",0.5,496,"lasso",0,0
"3471",0.5,496,"logit",0,0
"3472",0.5,496,"bart",0,0
"3473",0.5,497,"none",0,0
"3474",0.5,497,"rake",0,0
"3475",0.5,497,"strat",0,0
"3476",0.5,497,"calib",0,0
"3477",0.5,497,"lasso",0,0
"3478",0.5,497,"logit",0,0
"3479",0.5,497,"bart",0,0
"3480",0.5,498,"none",0,0
"3481",0.5,498,"rake",0,0
"3482",0.5,498,"strat",0,0
"3483",0.5,498,"calib",0,0
"3484",0.5,498,"lasso",0,0
"3485",0.5,498,"logit",0,0
"3486",0.5,498,"bart",0,0
"3487",0.5,499,"none",0,0
"3488",0.5,499,"rake",0,0
"3489",0.5,499,"strat",0,0
"3490",0.5,499,"calib",0,0
"3491",0.5,499,"lasso",0,0
"3492",0.5,499,"logit",0,0
"3493",0.5,499,"bart",0,0
"3494",0.5,500,"none",0,0
"3495",0.5,500,"rake",0,0
"3496",0.5,500,"strat",0,0
"3497",0.5,500,"calib",0,0
"3498",0.5,500,"lasso",0,0
"3499",0.5,500,"logit",0,0
"3500",0.5,500,"bart",0,0
